"countyName","stateAbbreviation"
"Autauga","AL"
"Baldwin","AL"
"Barbour","AL"
"Bibb","AL"
"Blount","AL"
"Bullock","AL"
"Butler","AL"
"Calhoun","AL"
"District of Columbia","DC"
"Chambers","AL"
"Appling","GA"
"Cherokee","AL"
"Fairfield","CT"
"Atkinson","GA"
"Chilton","AL"
"Hartford","CT"
"Kent","DE"
"Bacon","GA"
"Choctaw","AL"
"Litchfield","CT"
"New Castle","DE"
"Ada","ID"
"Arkansas","AR"
"Adams","CO"
"Alameda","CA"
"Baker","GA"
"Clarke","AL"
"Middlesex","CT"
"Sussex","DE"
"Adams","ID"
"Ashley","AR"
"Alamosa","CO"
"Alpine","CA"
"Hawaii","HI"
"Aleutians West","AK"
"Apache","AZ"
"Baldwin","GA"
"Clay","AL"
"New Haven","CT"
"Alachua","FL"
"Bannock","ID"
"Baxter","AR"
"Arapahoe","CO"
"Amador","CA"
"Honolulu","HI"
"Anchorage","AK"
"Cochise","AZ"
"Banks","GA"
"Cleburne","AL"
"New London","CT"
"Beaverhead","MT"
"Adair","MO"
"Adams","MS"
"Albany","WY"
"Baker","FL"
"Bear Lake","ID"
"Benton","AR"
"Archuleta","CO"
"Butte","CA"
"Kauai","HI"
"Bethel","AK"
"Coconino","AZ"
"Barrow","GA"
"Coffee","AL"
"Tolland","CT"
"Big Horn","MT"
"Andrew","MO"
"Alcorn","MS"
"Big Horn","WY"
"Bay","FL"
"Benewah","ID"
"Boone","AR"
"Bent","CO"
"Calaveras","CA"
"Maui","HI"
"Denali","AK"
"Gila","AZ"
"Bartow","GA"
"Colbert","AL"
"Windham","CT"
"Blaine","MT"
"Atchison","MO"
"Amite","MS"
"Campbell","WY"
"Bradford","FL"
"Bingham","ID"
"Bradley","AR"
"Boulder","CO"
"Colusa","CA"
"Dillingham","AK"
"Graham","AZ"
"Ben Hill","GA"
"Conecuh","AL"
"Broadwater","MT"
"Audrain","MO"
"Attala","MS"
"Carbon","WY"
"Brevard","FL"
"Blaine","ID"
"Calhoun","AR"
"Broomfield","CO"
"Contra Costa","CA"
"Fairbanks North Star","AK"
"Greenlee","AZ"
"Berrien","GA"
"Coosa","AL"
"Carbon","MT"
"Barry","MO"
"Benton","MS"
"Converse","WY"
"Broward","FL"
"Boise","ID"
"Carroll","AR"
"Chaffee","CO"
"Del Norte","CA"
"Haines","AK"
"La Paz","AZ"
"Bibb","GA"
"Covington","AL"
"Cascade","MT"
"Barton","MO"
"Bolivar","MS"
"Crook","WY"
"Calhoun","FL"
"Bonner","ID"
"Chicot","AR"
"Cheyenne","CO"
"El Dorado","CA"
"Juneau","AK"
"Maricopa","AZ"
"Bleckley","GA"
"Crenshaw","AL"
"Chouteau","MT"
"Bates","MO"
"Calhoun","MS"
"Fremont","WY"
"Charlotte","FL"
"Bonneville","ID"
"Clark","AR"
"Clear Creek","CO"
"Fresno","CA"
"Kenai Peninsula","AK"
"Mohave","AZ"
"Brantley","GA"
"Cullman","AL"
"Custer","MT"
"Benton","MO"
"Carroll","MS"
"Goshen","WY"
"Citrus","FL"
"Boundary","ID"
"Clay","AR"
"Conejos","CO"
"Glenn","CA"
"Ketchikan Gateway","AK"
"Navajo","AZ"
"Brooks","GA"
"Dale","AL"
"Daniels","MT"
"Bollinger","MO"
"Chickasaw","MS"
"Hot Springs","WY"
"Clay","FL"
"Butte","ID"
"Cleburne","AR"
"Costilla","CO"
"Humboldt","CA"
"Kodiak Island","AK"
"Pima","AZ"
"Bryan","GA"
"Dallas","AL"
"Dawson","MT"
"Boone","MO"
"Choctaw","MS"
"Johnson","WY"
"Collier","FL"
"Camas","ID"
"Cleveland","AR"
"Crowley","CO"
"Imperial","CA"
"Matanuska-Susitna","AK"
"Pinal","AZ"
"Bulloch","GA"
"DeKalb","AL"
"Deer Lodge","MT"
"Buchanan","MO"
"Claiborne","MS"
"Laramie","WY"
"Columbia","FL"
"Canyon","ID"
"Columbia","AR"
"Custer","CO"
"Inyo","CA"
"Nome","AK"
"Santa Cruz","AZ"
"Burke","GA"
"Elmore","AL"
"Fallon","MT"
"Butler","MO"
"Clarke","MS"
"Lincoln","WY"
"DeSoto","FL"
"Caribou","ID"
"Conway","AR"
"Delta","CO"
"Kern","CA"
"Sitka","AK"
"Yavapai","AZ"
"Butts","GA"
"Escambia","AL"
"Fergus","MT"
"Caldwell","MO"
"Clay","MS"
"Natrona","WY"
"Dixie","FL"
"Cassia","ID"
"Craighead","AR"
"Denver","CO"
"Kings","CA"
"Southeast Fairbanks","AK"
"Yuma","AZ"
"Calhoun","GA"
"Etowah","AL"
"Flathead","MT"
"Callaway","MO"
"Coahoma","MS"
"Niobrara","WY"
"Duval","FL"
"Clark","ID"
"Crawford","AR"
"Dolores","CO"
"Lake","CA"
"Valdez-Cordova","AK"
"Camden","GA"
"Fayette","AL"
"Gallatin","MT"
"Camden","MO"
"Copiah","MS"
"Park","WY"
"Escambia","FL"
"Clearwater","ID"
"Crittenden","AR"
"Douglas","CO"
"Lassen","CA"
"Yukon-Koyukuk","AK"
"Candler","GA"
"Franklin","AL"
"Glacier","MT"
"Cape Girardeau","MO"
"Covington","MS"
"Platte","WY"
"Flagler","FL"
"Custer","ID"
"Cross","AR"
"Eagle","CO"
"Los Angeles","CA"
"Carroll","GA"
"Geneva","AL"
"Golden Valley","MT"
"Carroll","MO"
"DeSoto","MS"
"Sheridan","WY"
"Franklin","FL"
"Elmore","ID"
"Dallas","AR"
"Elbert","CO"
"Madera","CA"
"Catoosa","GA"
"Greene","AL"
"Granite","MT"
"Carter","MO"
"Forrest","MS"
"Sublette","WY"
"Gadsden","FL"
"Franklin","ID"
"Desha","AR"
"El Paso","CO"
"Marin","CA"
"Charlton","GA"
"Hale","AL"
"Hill","MT"
"Cass","MO"
"Franklin","MS"
"Sweetwater","WY"
"Gilchrist","FL"
"Fremont","ID"
"Drew","AR"
"Fremont","CO"
"Mariposa","CA"
"Chatham","GA"
"Henry","AL"
"Jefferson","MT"
"Cedar","MO"
"George","MS"
"Teton","WY"
"Glades","FL"
"Gem","ID"
"Faulkner","AR"
"Garfield","CO"
"Mendocino","CA"
"Chattahoochee","GA"
"Houston","AL"
"Judith Basin","MT"
"Chariton","MO"
"Greene","MS"
"Uinta","WY"
"Gulf","FL"
"Gooding","ID"
"Franklin","AR"
"Gilpin","CO"
"Merced","CA"
"Chattooga","GA"
"Jackson","AL"
"Lake","MT"
"Christian","MO"
"Grenada","MS"
"Washakie","WY"
"Hamilton","FL"
"Idaho","ID"
"Fulton","AR"
"Grand","CO"
"Modoc","CA"
"Cherokee","GA"
"Jefferson","AL"
"Lewis and Clark","MT"
"Clark","MO"
"Hancock","MS"
"Weston","WY"
"Hardee","FL"
"Jefferson","ID"
"Garland","AR"
"Gunnison","CO"
"Mono","CA"
"Clarke","GA"
"Lamar","AL"
"Liberty","MT"
"Clay","MO"
"Harrison","MS"
"Hendry","FL"
"Jerome","ID"
"Grant","AR"
"Hinsdale","CO"
"Monterey","CA"
"Clay","GA"
"Lauderdale","AL"
"Lincoln","MT"
"Clinton","MO"
"Hinds","MS"
"Hernando","FL"
"Kootenai","ID"
"Greene","AR"
"Huerfano","CO"
"Napa","CA"
"Clayton","GA"
"Lawrence","AL"
"McCone","MT"
"Cole","MO"
"Holmes","MS"
"Highlands","FL"
"Latah","ID"
"Hempstead","AR"
"Jackson","CO"
"Nevada","CA"
"Clinch","GA"
"Lee","AL"
"Madison","MT"
"Cooper","MO"
"Humphreys","MS"
"Hills","FL"
"Lemhi","ID"
"Hot Spring","AR"
"Jefferson","CO"
"Orange","CA"
"Cobb","GA"
"Limestone","AL"
"Meagher","MT"
"Crawford","MO"
"Issaquena","MS"
"Holmes","FL"
"Lewis","ID"
"Howard","AR"
"Kit Carson","CO"
"Placer","CA"
"Coffee","GA"
"Lowndes","AL"
"Mineral","MT"
"Dade","MO"
"Itawamba","MS"
"Indian River","FL"
"Lincoln","ID"
"Independence","AR"
"Lake","CO"
"Plumas","CA"
"Colquitt","GA"
"Macon","AL"
"Missoula","MT"
"Dallas","MO"
"Jackson","MS"
"Jackson","FL"
"Madison","ID"
"Izard","AR"
"La Plata","CO"
"Riverside","CA"
"Columbia","GA"
"Madison","AL"
"Musselshell","MT"
"Daviess","MO"
"Jasper","MS"
"Jefferson","FL"
"Minidoka","ID"
"Jackson","AR"
"Larimer","CO"
"Sacramento","CA"
"Cook","GA"
"Marengo","AL"
"Park","MT"
"DeKalb","MO"
"Jefferson","MS"
"Lafayette","FL"
"Nez Perce","ID"
"Jefferson","AR"
"Las Animas","CO"
"San Benito","CA"
"Coweta","GA"
"Marion","AL"
"Petroleum","MT"
"Dent","MO"
"Jefferson Davis","MS"
"Lake","FL"
"Oneida","ID"
"Johnson","AR"
"Lincoln","CO"
"San Bernardino","CA"
"Crawford","GA"
"Marshall","AL"
"Phillips","MT"
"Douglas","MO"
"Jones","MS"
"Lee","FL"
"Owyhee","ID"
"Lafayette","AR"
"Logan","CO"
"San Diego","CA"
"Crisp","GA"
"Mobile","AL"
"Pondera","MT"
"Dunklin","MO"
"Kemper","MS"
"Leon","FL"
"Payette","ID"
"Lawrence","AR"
"Mesa","CO"
"San Francisco","CA"
"Dade","GA"
"Monroe","AL"
"Powder River","MT"
"Franklin","MO"
"Lafayette","MS"
"Levy","FL"
"Power","ID"
"Lee","AR"
"Mineral","CO"
"San Joaquin","CA"
"Dawson","GA"
"Montgomery","AL"
"Powell","MT"
"Gasconade","MO"
"Lamar","MS"
"Liberty","FL"
"Shoshone","ID"
"Lincoln","AR"
"Moffat","CO"
"San Luis Obispo","CA"
"Decatur","GA"
"Morgan","AL"
"Prairie","MT"
"Gentry","MO"
"Lauderdale","MS"
"Madison","FL"
"Teton","ID"
"Little River","AR"
"Montezuma","CO"
"San Mateo","CA"
"DeKalb","GA"
"Perry","AL"
"Ravalli","MT"
"Greene","MO"
"Lawrence","MS"
"Manatee","FL"
"Twin Falls","ID"
"Logan","AR"
"Montrose","CO"
"Santa Barbara","CA"
"Dodge","GA"
"Pickens","AL"
"Richland","MT"
"Grundy","MO"
"Leake","MS"
"Marion","FL"
"Valley","ID"
"Lonoke","AR"
"Morgan","CO"
"Santa Clara","CA"
"Dooly","GA"
"Pike","AL"
"Roosevelt","MT"
"Harrison","MO"
"Lee","MS"
"Martin","FL"
"Washington","ID"
"Madison","AR"
"Otero","CO"
"Santa Cruz","CA"
"Dougherty","GA"
"Randolph","AL"
"Rosebud","MT"
"Henry","MO"
"Leflore","MS"
"Miami-Dade","FL"
"Marion","AR"
"Ouray","CO"
"Shasta","CA"
"Douglas","GA"
"Russell","AL"
"Sanders","MT"
"Hickory","MO"
"Lincoln","MS"
"Monroe","FL"
"Miller","AR"
"Park","CO"
"Sierra","CA"
"Early","GA"
"Saint Clair","AL"
"Sheridan","MT"
"Holt","MO"
"Lowndes","MS"
"Nassau","FL"
"Mississippi","AR"
"Phillips","CO"
"Siskiyou","CA"
"Echols","GA"
"Shelby","AL"
"Silver Bow","MT"
"Howard","MO"
"Madison","MS"
"Okaloosa","FL"
"Monroe","AR"
"Pitkin","CO"
"Solano","CA"
"Effingham","GA"
"Sumter","AL"
"Stillwater","MT"
"Howell","MO"
"Marion","MS"
"Okeechobee","FL"
"Montgomery","AR"
"Prowers","CO"
"Sonoma","CA"
"Elbert","GA"
"Talladega","AL"
"Sweet Grass","MT"
"Iron","MO"
"Marshall","MS"
"Orange","FL"
"Nevada","AR"
"Pueblo","CO"
"Stanislaus","CA"
"Emanuel","GA"
"Tallapoosa","AL"
"Teton","MT"
"Jackson","MO"
"Monroe","MS"
"Osceola","FL"
"Newton","AR"
"Rio Blanco","CO"
"Sutter","CA"
"Evans","GA"
"Tuscaloosa","AL"
"Toole","MT"
"Jasper","MO"
"Montgomery","MS"
"Palm Beach","FL"
"Ouachita","AR"
"Rio Grande","CO"
"Tehama","CA"
"Fannin","GA"
"Walker","AL"
"Treasure","MT"
"Jefferson","MO"
"Neshoba","MS"
"Pasco","FL"
"Perry","AR"
"Routt","CO"
"Trinity","CA"
"Fayette","GA"
"Washington","AL"
"Valley","MT"
"Johnson","MO"
"Newton","MS"
"Pinellas","FL"
"Phillips","AR"
"Saguache","CO"
"Tulare","CA"
"Floyd","GA"
"Wilcox","AL"
"Wheatland","MT"
"Knox","MO"
"Noxubee","MS"
"Polk","FL"
"Pike","AR"
"San Juan","CO"
"Tuolumne","CA"
"Forsyth","GA"
"Winston","AL"
"Wibaux","MT"
"Laclede","MO"
"Oktibbeha","MS"
"Putnam","FL"
"Poinsett","AR"
"San Miguel","CO"
"Ventura","CA"
"Franklin","GA"
"Yellowstone","MT"
"Lafayette","MO"
"Panola","MS"
"Saint Johns","FL"
"Polk","AR"
"Sedgwick","CO"
"Yolo","CA"
"Fulton","GA"
"Lawrence","MO"
"Pearl River","MS"
"Saint Lucie","FL"
"Pope","AR"
"Summit","CO"
"Yuba","CA"
"Gilmer","GA"
"Lewis","MO"
"Perry","MS"
"Santa Rosa","FL"
"Prairie","AR"
"Teller","CO"
"Glascock","GA"
"Lincoln","MO"
"Pike","MS"
"Sarasota","FL"
"Pulaski","AR"
"Washington","CO"
"Glynn","GA"
"Linn","MO"
"Pontotoc","MS"
"Seminole","FL"
"Randolph","AR"
"Weld","CO"
"Gordon","GA"
"Livingston","MO"
"Prentiss","MS"
"Sumter","FL"
"Saint Francis","AR"
"Yuma","CO"
"Grady","GA"
"McDonald","MO"
"Quitman","MS"
"Suwannee","FL"
"Saline","AR"
"Greene","GA"
"Macon","MO"
"Rankin","MS"
"Taylor","FL"
"Scott","AR"
"Gwinnett","GA"
"Madison","MO"
"Scott","MS"
"Union","FL"
"Searcy","AR"
"Habersham","GA"
"Maries","MO"
"Simpson","MS"
"Volusia","FL"
"Sebastian","AR"
"Hall","GA"
"Marion","MO"
"Smith","MS"
"Wakulla","FL"
"Sevier","AR"
"Hancock","GA"
"Mercer","MO"
"Stone","MS"
"Walton","FL"
"Sharp","AR"
"Haralson","GA"
"Miller","MO"
"Sunflower","MS"
"Washington","FL"
"Stone","AR"
"Harris","GA"
"Mississippi","MO"
"Tallahatchie","MS"
"Union","AR"
"Hart","GA"
"Moniteau","MO"
"Tate","MS"
"Van Buren","AR"
"Heard","GA"
"Monroe","MO"
"Tippah","MS"
"Washington","AR"
"Henry","GA"
"Montgomery","MO"
"Tishomingo","MS"
"White","AR"
"Houston","GA"
"Morgan","MO"
"Tunica","MS"
"Woodruff","AR"
"Irwin","GA"
"New Madrid","MO"
"Union","MS"
"Yell","AR"
"Jackson","GA"
"Newton","MO"
"Walthall","MS"
"Jasper","GA"
"Nodaway","MO"
"Warren","MS"
"Jeff Davis","GA"
"Oregon","MO"
"Washington","MS"
"Jefferson","GA"
"Osage","MO"
"Wayne","MS"
"Jenkins","GA"
"Ozark","MO"
"Webster","MS"
"Johnson","GA"
"Pemiscot","MO"
"Wilkinson","MS"
"Jones","GA"
"Perry","MO"
"Winston","MS"
"Lamar","GA"
"Pettis","MO"
"Yalobusha","MS"
"Lanier","GA"
"Phelps","MO"
"Yazoo","MS"
"Laurens","GA"
"Pike","MO"
"Lee","GA"
"Platte","MO"
"Liberty","GA"
"Polk","MO"
"Lincoln","GA"
"Pulaski","MO"
"Long","GA"
"Putnam","MO"
"Lowndes","GA"
"Ralls","MO"
"Lumpkin","GA"
"Randolph","MO"
"McDuffie","GA"
"Ray","MO"
"McIntosh","GA"
"Reynolds","MO"
"Macon","GA"
"Ripley","MO"
"Madison","GA"
"Saint Charles","MO"
"Marion","GA"
"Saint Clair","MO"
"Meriwether","GA"
"Saint Francois","MO"
"Miller","GA"
"Saline","MO"
"Mitchell","GA"
"Schuyler","MO"
"Monroe","GA"
"Scotland","MO"
"Montgomery","GA"
"Scott","MO"
"Morgan","GA"
"Shannon","MO"
"Murray","GA"
"Shelby","MO"
"Muscogee","GA"
"Stoddard","MO"
"Newton","GA"
"Stone","MO"
"Oconee","GA"
"Sullivan","MO"
"Oglethorpe","GA"
"Taney","MO"
"Paulding","GA"
"Texas","MO"
"Peach","GA"
"Vernon","MO"
"Pickens","GA"
"Warren","MO"
"Pierce","GA"
"Washington","MO"
"Pike","GA"
"Wayne","MO"
"Polk","GA"
"Webster","MO"
"Pulaski","GA"
"Worth","MO"
"Putnam","GA"
"Wright","MO"
"Quitman","GA"
"Rabun","GA"
"Randolph","GA"
"Richmond","GA"
"Rockdale","GA"
"Schley","GA"
"Screven","GA"
"Seminole","GA"
"Spalding","GA"
"Stephens","GA"
"Stewart","GA"
"Sumter","GA"
"Talbot","GA"
"Taliaferro","GA"
"Tattnall","GA"
"Taylor","GA"
"Telfair","GA"
"Terrell","GA"
"Thomas","GA"
"Tift","GA"
"Toombs","GA"
"Towns","GA"
"Treutlen","GA"
"Troup","GA"
"Turner","GA"
"Twiggs","GA"
"Union","GA"
"Upson","GA"
"Walker","GA"
"Walton","GA"
"Ware","GA"
"Warren","GA"
"Washington","GA"
"Wayne","GA"
"Webster","GA"
"Wheeler","GA"
"White","GA"
"Whitfield","GA"
"Wilcox","GA"
"Wilkes","GA"
"Wilkinson","GA"
"Worth","GA"
"Adams","WI"
"Barbour","WV"
"Adams","WA"
"Accomack","VA"
"Addison","VT"
"Beaver","UT"
"Ashland","WI"
"Berkeley","WV"
"Asotin","WA"
"Albemarle","VA"
"Anderson","TX"
"Anderson","TN"
"Beadle","SD"
"Abbeville","SC"
"Bristol","RI"
"Bennington","VT"
"Box Elder","UT"
"Barron","WI"
"Boone","WV"
"Benton","WA"
"Alleghany","VA"
"Andrews","TX"
"Bedford","TN"
"Bon Homme","SD"
"Aiken","SC"
"Adams","PA"
"Kent","RI"
"Baker","OR"
"Adair","OK"
"Caledonia","VT"
"Cache","UT"
"Bayfield","WI"
"Braxton","WV"
"Chelan","WA"
"Adams","OH"
"Adams","ND"
"Alamance","NC"
"Albany","NY"
"Amelia","VA"
"Bernalillo","NM"
"Angelina","TX"
"Benton","TN"
"Brookings","SD"
"Allendale","SC"
"Allegheny","PA"
"Newport","RI"
"Benton","OR"
"Alfalfa","OK"
"Chittenden","VT"
"Carbon","UT"
"Brown","WI"
"Brooke","WV"
"Clallam","WA"
"Allen","OH"
"Barnes","ND"
"Alexander","NC"
"Allegany","NY"
"Atlantic","NJ"
"Belknap","NH"
"Churchill","NV"
"Amherst","VA"
"Catron","NM"
"Aransas","TX"
"Bledsoe","TN"
"Brown","SD"
"Anderson","SC"
"Armstrong","PA"
"Providence","RI"
"Clackamas","OR"
"Atoka","OK"
"Essex","VT"
"Daggett","UT"
"Buffalo","WI"
"Cabell","WV"
"Clark","WA"
"Adams","NE"
"Aitkin","MN"
"Ashland","OH"
"Alcona","MI"
"Barnstable","MA"
"Allegany","MD"
"Benson","ND"
"Alleghany","NC"
"Bronx","NY"
"Bergen","NJ"
"Carroll","NH"
"Clark","NV"
"Appomattox","VA"
"Chaves","NM"
"Archer","TX"
"Blount","TN"
"Brule","SD"
"Bamberg","SC"
"Beaver","PA"
"Washington","RI"
"Clatsop","OR"
"Beaver","OK"
"Franklin","VT"
"Davis","UT"
"Burnett","WI"
"Calhoun","WV"
"Columbia","WA"
"Antelope","NE"
"Anoka","MN"
"Ashtabula","OH"
"Alger","MI"
"Berkshire","MA"
"Anne Arundel","MD"
"Billings","ND"
"Anson","NC"
"Broome","NY"
"Burlington","NJ"
"Cheshire","NH"
"Douglas","NV"
"Arlington","VA"
"Cibola","NM"
"Armstrong","TX"
"Bradley","TN"
"Butte","SD"
"Barnwell","SC"
"Bedford","PA"
"Columbia","OR"
"Beckham","OK"
"Grand Isle","VT"
"Duchesne","UT"
"Calumet","WI"
"Clay","WV"
"Cowlitz","WA"
"Boone","NE"
"Becker","MN"
"Athens","OH"
"Allegan","MI"
"Bristol","MA"
"Calvert","MD"
"Bottineau","ND"
"Ashe","NC"
"Cattaraugus","NY"
"Camden","NJ"
"Coos","NH"
"Elko","NV"
"Augusta","VA"
"Colfax","NM"
"Atascosa","TX"
"Campbell","TN"
"Charles Mix","SD"
"Beaufort","SC"
"Berks","PA"
"Coos","OR"
"Blaine","OK"
"Lamoille","VT"
"Emery","UT"
"Chippewa","WI"
"Doddridge","WV"
"Douglas","WA"
"Box Butte","NE"
"Beltrami","MN"
"Auglaize","OH"
"Alpena","MI"
"Dukes","MA"
"Caroline","MD"
"Bowman","ND"
"Avery","NC"
"Cayuga","NY"
"Cape May","NJ"
"Grafton","NH"
"Eureka","NV"
"Bath","VA"
"Curry","NM"
"Austin","TX"
"Cannon","TN"
"Clark","SD"
"Berkeley","SC"
"Blair","PA"
"Crook","OR"
"Bryan","OK"
"Orange","VT"
"Garfield","UT"
"Clark","WI"
"Fayette","WV"
"Ferry","WA"
"Brown","NE"
"Benton","MN"
"Belmont","OH"
"Antrim","MI"
"Essex","MA"
"Carroll","MD"
"Burke","ND"
"Beaufort","NC"
"Chautauqua","NY"
"Cumberland","NJ"
"Hills","NH"
"Humboldt","NV"
"Bedford","VA"
"De Baca","NM"
"Bailey","TX"
"Carroll","TN"
"Clay","SD"
"Bradford","PA"
"Curry","OR"
"Caddo","OK"
"Orleans","VT"
"Grand","UT"
"Columbia","WI"
"Gilmer","WV"
"Franklin","WA"
"Buffalo","NE"
"Big Stone","MN"
"Brown","OH"
"Arenac","MI"
"Franklin","MA"
"Cecil","MD"
"Burleigh","ND"
"Bertie","NC"
"Chemung","NY"
"Essex","NJ"
"Merrimack","NH"
"Lander","NV"
"Bland","VA"
"Dona Ana","NM"
"Bandera","TX"
"Carter","TN"
"Codington","SD"
"Calhoun","SC"
"Deschutes","OR"
"Canadian","OK"
"Rutland","VT"
"Iron","UT"
"Crawford","WI"
"Grant","WV"
"Garfield","WA"
"Burt","NE"
"Blue Earth","MN"
"Butler","OH"
"Baraga","MI"
"Hampden","MA"
"Charles","MD"
"Cass","ND"
"Bladen","NC"
"Chenango","NY"
"Gloucester","NJ"
"Rockingham","NH"
"Lincoln","NV"
"Botetourt","VA"
"Eddy","NM"
"Bastrop","TX"
"Cheatham","TN"
"Custer","SD"
"Charleston","SC"
"Bucks","PA"
"Douglas","OR"
"Carter","OK"
"Washington","VT"
"Juab","UT"
"Dane","WI"
"Greenbrier","WV"
"Grant","WA"
"Butler","NE"
"Brown","MN"
"Carroll","OH"
"Barry","MI"
"Hampshire","MA"
"Dorchester","MD"
"Cavalier","ND"
"Brunswick","NC"
"Clinton","NY"
"Hudson","NJ"
"Strafford","NH"
"Lyon","NV"
"Brunswick","VA"
"Grant","NM"
"Baylor","TX"
"Chester","TN"
"Davison","SD"
"Cherokee","SC"
"Butler","PA"
"Gilliam","OR"
"Cherokee","OK"
"Windham","VT"
"Kane","UT"
"Dodge","WI"
"Hampshire","WV"
"Grays Harbor","WA"
"Cass","NE"
"Carlton","MN"
"Champaign","OH"
"Bay","MI"
"Middlesex","MA"
"Frederick","MD"
"Dickey","ND"
"Buncombe","NC"
"Columbia","NY"
"Hunterdon","NJ"
"Sullivan","NH"
"Mineral","NV"
"Buchanan","VA"
"Guadalupe","NM"
"Bee","TX"
"Claiborne","TN"
"Day","SD"
"Chester","SC"
"Cambria","PA"
"Grant","OR"
"Choctaw","OK"
"Windsor","VT"
"Millard","UT"
"Door","WI"
"Hancock","WV"
"Island","WA"
"Cedar","NE"
"Carver","MN"
"Clark","OH"
"Benzie","MI"
"Nantucket","MA"
"Garrett","MD"
"Divide","ND"
"Burke","NC"
"Cortland","NY"
"Mercer","NJ"
"Nye","NV"
"Buckingham","VA"
"Hidalgo","NM"
"Bell","TX"
"Clay","TN"
"Deuel","SD"
"Chesterfield","SC"
"Cameron","PA"
"Harney","OR"
"Cleveland","OK"
"Morgan","UT"
"Douglas","WI"
"Hardy","WV"
"Jefferson","WA"
"Chase","NE"
"Cass","MN"
"Clermont","OH"
"Berrien","MI"
"Norfolk","MA"
"Harford","MD"
"Dunn","ND"
"Cabarrus","NC"
"Delaware","NY"
"Middlesex","NJ"
"Pershing","NV"
"Campbell","VA"
"Lea","NM"
"Bexar","TX"
"Cocke","TN"
"Douglas","SD"
"Clarendon","SC"
"Carbon","PA"
"Hood River","OR"
"Coal","OK"
"Piute","UT"
"Dunn","WI"
"Harrison","WV"
"King","WA"
"Cherry","NE"
"Chippewa","MN"
"Clinton","OH"
"Branch","MI"
"Plymouth","MA"
"Howard","MD"
"Eddy","ND"
"Caldwell","NC"
"Dutchess","NY"
"Monmouth","NJ"
"Storey","NV"
"Caroline","VA"
"Lincoln","NM"
"Blanco","TX"
"Coffee","TN"
"Edmunds","SD"
"Colleton","SC"
"Centre","PA"
"Jackson","OR"
"Comanche","OK"
"Rich","UT"
"Eau Claire","WI"
"Jackson","WV"
"Kitsap","WA"
"Cheyenne","NE"
"Chisago","MN"
"Columbiana","OH"
"Calhoun","MI"
"Suffolk","MA"
"Kent","MD"
"Emmons","ND"
"Camden","NC"
"Erie","NY"
"Morris","NJ"
"Washoe","NV"
"Carroll","VA"
"Los Alamos","NM"
"Bosque","TX"
"Crockett","TN"
"Fall River","SD"
"Darlington","SC"
"Chester","PA"
"Jefferson","OR"
"Cotton","OK"
"Salt Lake","UT"
"Florence","WI"
"Jefferson","WV"
"Kittitas","WA"
"Clay","NE"
"Clay","MN"
"Coshocton","OH"
"Cass","MI"
"Worcester","MA"
"Montgomery","MD"
"Foster","ND"
"Carteret","NC"
"Essex","NY"
"Ocean","NJ"
"White Pine","NV"
"Charlotte","VA"
"Luna","NM"
"Bowie","TX"
"Cumberland","TN"
"Grant","SD"
"Dillon","SC"
"Clarion","PA"
"Josephine","OR"
"Craig","OK"
"San Juan","UT"
"Fond du Lac","WI"
"Kanawha","WV"
"Klickitat","WA"
"Colfax","NE"
"Clearwater","MN"
"Crawford","OH"
"Charlevoix","MI"
"Prince George's","MD"
"Golden Valley","ND"
"Caswell","NC"
"Franklin","NY"
"Passaic","NJ"
"Chesterfield","VA"
"McKinley","NM"
"Brazoria","TX"
"Davidson","TN"
"Gregory","SD"
"Dorchester","SC"
"Clearfield","PA"
"Klamath","OR"
"Creek","OK"
"Sanpete","UT"
"Forest","WI"
"Lewis","WV"
"Lewis","WA"
"Cuming","NE"
"Cook","MN"
"Cuyahoga","OH"
"Cheboygan","MI"
"Queen Anne's","MD"
"Grand Forks","ND"
"Catawba","NC"
"Fulton","NY"
"Salem","NJ"
"Clarke","VA"
"Mora","NM"
"Brazos","TX"
"Decatur","TN"
"Haakon","SD"
"Edgefield","SC"
"Clinton","PA"
"Lake","OR"
"Custer","OK"
"Sevier","UT"
"Grant","WI"
"Lincoln","WV"
"Lincoln","WA"
"Custer","NE"
"Cottonwood","MN"
"Darke","OH"
"Chippewa","MI"
"Saint Mary's","MD"
"Grant","ND"
"Chatham","NC"
"Genesee","NY"
"Somerset","NJ"
"Craig","VA"
"Otero","NM"
"Brewster","TX"
"DeKalb","TN"
"Hamlin","SD"
"Fairfield","SC"
"Columbia","PA"
"Lane","OR"
"Delaware","OK"
"Summit","UT"
"Green","WI"
"Logan","WV"
"Mason","WA"
"Dakota","NE"
"Crow Wing","MN"
"Defiance","OH"
"Clare","MI"
"Somerset","MD"
"Griggs","ND"
"Cherokee","NC"
"Greene","NY"
"Sussex","NJ"
"Culpeper","VA"
"Quay","NM"
"Briscoe","TX"
"Dickson","TN"
"Hand","SD"
"Florence","SC"
"Crawford","PA"
"Lincoln","OR"
"Dewey","OK"
"Tooele","UT"
"Green Lake","WI"
"McDowell","WV"
"Okanogan","WA"
"Dawes","NE"
"Dakota","MN"
"Delaware","OH"
"Clinton","MI"
"Talbot","MD"
"Hettinger","ND"
"Chowan","NC"
"Hamilton","NY"
"Union","NJ"
"Cumberland","VA"
"Rio Arriba","NM"
"Brooks","TX"
"Dyer","TN"
"Harding","SD"
"Georgetown","SC"
"Cumberland","PA"
"Linn","OR"
"Ellis","OK"
"Uintah","UT"
"Iowa","WI"
"Marion","WV"
"Pacific","WA"
"Dawson","NE"
"Dodge","MN"
"Erie","OH"
"Crawford","MI"
"Washington","MD"
"Kidder","ND"
"Clay","NC"
"Herkimer","NY"
"Warren","NJ"
"Dickenson","VA"
"Roosevelt","NM"
"Brown","TX"
"Fayette","TN"
"Hughes","SD"
"Greenville","SC"
"Dauphin","PA"
"Malheur","OR"
"Garfield","OK"
"Utah","UT"
"Iron","WI"
"Marshall","WV"
"Pend Oreille","WA"
"Deuel","NE"
"Douglas","MN"
"Fairfield","OH"
"Delta","MI"
"Wicomico","MD"
"LaMoure","ND"
"Cleveland","NC"
"Jefferson","NY"
"Dinwiddie","VA"
"Sandoval","NM"
"Burleson","TX"
"Fentress","TN"
"Hutchinson","SD"
"Greenwood","SC"
"Delaware","PA"
"Marion","OR"
"Garvin","OK"
"Wasatch","UT"
"Jackson","WI"
"Mason","WV"
"Pierce","WA"
"Dixon","NE"
"Faribault","MN"
"Fayette","OH"
"Dickinson","MI"
"Worcester","MD"
"Logan","ND"
"Columbus","NC"
"Kings","NY"
"Essex","VA"
"San Juan","NM"
"Burnet","TX"
"Franklin","TN"
"Jackson","SD"
"Hampton","SC"
"Elk","PA"
"Morrow","OR"
"Grady","OK"
"Washington","UT"
"Jefferson","WI"
"Mercer","WV"
"San Juan","WA"
"Dodge","NE"
"Fillmore","MN"
"Franklin","OH"
"Eaton","MI"
"McHenry","ND"
"Craven","NC"
"Lewis","NY"
"Fairfax","VA"
"San Miguel","NM"
"Caldwell","TX"
"Gibson","TN"
"Jerauld","SD"
"Horry","SC"
"Erie","PA"
"Multnomah","OR"
"Grant","OK"
"Wayne","UT"
"Juneau","WI"
"Mineral","WV"
"Skagit","WA"
"Douglas","NE"
"Freeborn","MN"
"Fulton","OH"
"Emmet","MI"
"McIntosh","ND"
"Cumberland","NC"
"Livingston","NY"
"Fauquier","VA"
"Santa Fe","NM"
"Calhoun","TX"
"Giles","TN"
"Jones","SD"
"Jasper","SC"
"Fayette","PA"
"Polk","OR"
"Greer","OK"
"Weber","UT"
"Kenosha","WI"
"Mingo","WV"
"Skamania","WA"
"Dundy","NE"
"Goodhue","MN"
"Gallia","OH"
"Genesee","MI"
"McKenzie","ND"
"Currituck","NC"
"Madison","NY"
"Floyd","VA"
"Sierra","NM"
"Callahan","TX"
"Grainger","TN"
"Kingsbury","SD"
"Kershaw","SC"
"Forest","PA"
"Sherman","OR"
"Harper","OK"
"Kewaunee","WI"
"Monongalia","WV"
"Snohomish","WA"
"Fillmore","NE"
"Grant","MN"
"Geauga","OH"
"Gladwin","MI"
"McLean","ND"
"Dare","NC"
"Monroe","NY"
"Fluvanna","VA"
"Socorro","NM"
"Cameron","TX"
"Greene","TN"
"Lake","SD"
"Lancaster","SC"
"Franklin","PA"
"Tillamook","OR"
"Haskell","OK"
"La Crosse","WI"
"Monroe","WV"
"Spokane","WA"
"Franklin","NE"
"Hennepin","MN"
"Greene","OH"
"Gogebic","MI"
"Mercer","ND"
"Davidson","NC"
"Montgomery","NY"
"Frederick","VA"
"Taos","NM"
"Camp","TX"
"Grundy","TN"
"Lawrence","SD"
"Laurens","SC"
"Fulton","PA"
"Umatilla","OR"
"Hughes","OK"
"Lafayette","WI"
"Morgan","WV"
"Stevens","WA"
"Frontier","NE"
"Houston","MN"
"Guernsey","OH"
"Grand Traverse","MI"
"Morton","ND"
"Davie","NC"
"Nassau","NY"
"Giles","VA"
"Torrance","NM"
"Carson","TX"
"Hamblen","TN"
"Lincoln","SD"
"Lee","SC"
"Greene","PA"
"Union","OR"
"Jackson","OK"
"Langlade","WI"
"Nicholas","WV"
"Thurston","WA"
"Furnas","NE"
"Hubbard","MN"
"Hamilton","OH"
"Gratiot","MI"
"Mountrail","ND"
"Duplin","NC"
"New York","NY"
"Gloucester","VA"
"Union","NM"
"Cass","TX"
"Hamilton","TN"
"Lyman","SD"
"Lexington","SC"
"Huntingdon","PA"
"Wallowa","OR"
"Jefferson","OK"
"Lincoln","WI"
"Ohio","WV"
"Wahkiakum","WA"
"Gage","NE"
"Isanti","MN"
"Hancock","OH"
"Hillsdale","MI"
"Nelson","ND"
"Durham","NC"
"Niagara","NY"
"Goochland","VA"
"Valencia","NM"
"Castro","TX"
"Hancock","TN"
"McCook","SD"
"McCormick","SC"
"Indiana","PA"
"Wasco","OR"
"Johnston","OK"
"Manitowoc","WI"
"Pendleton","WV"
"Walla Walla","WA"
"Garden","NE"
"Itasca","MN"
"Hardin","OH"
"Houghton","MI"
"Oliver","ND"
"Edgecombe","NC"
"Oneida","NY"
"Grayson","VA"
"Chambers","TX"
"Hardeman","TN"
"McPherson","SD"
"Marion","SC"
"Jefferson","PA"
"Washington","OR"
"Kay","OK"
"Marathon","WI"
"Pleasants","WV"
"Whatcom","WA"
"Gosper","NE"
"Jackson","MN"
"Harrison","OH"
"Huron","MI"
"Pembina","ND"
"Forsyth","NC"
"Onondaga","NY"
"Greene","VA"
"Cherokee","TX"
"Hardin","TN"
"Marshall","SD"
"Marlboro","SC"
"Juniata","PA"
"Wheeler","OR"
"Kingfisher","OK"
"Marinette","WI"
"Pocahontas","WV"
"Whitman","WA"
"Greeley","NE"
"Kanabec","MN"
"Henry","OH"
"Ingham","MI"
"Pierce","ND"
"Franklin","NC"
"Ontario","NY"
"Greensville","VA"
"Childress","TX"
"Hawkins","TN"
"Meade","SD"
"Newberry","SC"
"Lackawanna","PA"
"Yamhill","OR"
"Kiowa","OK"
"Marquette","WI"
"Preston","WV"
"Yakima","WA"
"Hall","NE"
"Kandiyohi","MN"
"Highland","OH"
"Ionia","MI"
"Ramsey","ND"
"Gaston","NC"
"Orange","NY"
"Halifax","VA"
"Clay","TX"
"Haywood","TN"
"Miner","SD"
"Oconee","SC"
"Lancaster","PA"
"Latimer","OK"
"Menominee","WI"
"Putnam","WV"
"Hamilton","NE"
"Kittson","MN"
"Hocking","OH"
"Iosco","MI"
"Ransom","ND"
"Gates","NC"
"Orleans","NY"
"Hanover","VA"
"Cochran","TX"
"Henderson","TN"
"Minnehaha","SD"
"Orangeburg","SC"
"Lawrence","PA"
"Le Flore","OK"
"Milwaukee","WI"
"Raleigh","WV"
"Harlan","NE"
"Koochiching","MN"
"Holmes","OH"
"Iron","MI"
"Renville","ND"
"Graham","NC"
"Oswego","NY"
"Henrico","VA"
"Coke","TX"
"Henry","TN"
"Moody","SD"
"Pickens","SC"
"Lebanon","PA"
"Lincoln","OK"
"Monroe","WI"
"Randolph","WV"
"Hayes","NE"
"Lac qui Parle","MN"
"Huron","OH"
"Isabella","MI"
"Richland","ND"
"Granville","NC"
"Otsego","NY"
"Henry","VA"
"Coleman","TX"
"Hickman","TN"
"Pennington","SD"
"Richland","SC"
"Lehigh","PA"
"Logan","OK"
"Oconto","WI"
"Ritchie","WV"
"Hitchcock","NE"
"Lake","MN"
"Jackson","OH"
"Jackson","MI"
"Rolette","ND"
"Greene","NC"
"Putnam","NY"
"Highland","VA"
"Collin","TX"
"Houston","TN"
"Perkins","SD"
"Saluda","SC"
"Luzerne","PA"
"Love","OK"
"Oneida","WI"
"Roane","WV"
"Holt","NE"
"Lake of the Woods","MN"
"Jefferson","OH"
"Kalamazoo","MI"
"Sargent","ND"
"Guilford","NC"
"Queens","NY"
"Isle of Wight","VA"
"Collingsworth","TX"
"Humphreys","TN"
"Potter","SD"
"Spartanburg","SC"
"Lycoming","PA"
"McClain","OK"
"Outagamie","WI"
"Summers","WV"
"Howard","NE"
"Le Sueur","MN"
"Knox","OH"
"Kalkaska","MI"
"Sheridan","ND"
"Halifax","NC"
"Rensselaer","NY"
"King and Queen","VA"
"Colorado","TX"
"Jackson","TN"
"Roberts","SD"
"Sumter","SC"
"McKean","PA"
"McCurtain","OK"
"Ozaukee","WI"
"Taylor","WV"
"Jefferson","NE"
"Lincoln","MN"
"Lake","OH"
"Kent","MI"
"Slope","ND"
"Harnett","NC"
"Richmond","NY"
"King George","VA"
"Comal","TX"
"Jefferson","TN"
"Sanborn","SD"
"Union","SC"
"Mercer","PA"
"McIntosh","OK"
"Pepin","WI"
"Tucker","WV"
"Johnson","NE"
"Lyon","MN"
"Lawrence","OH"
"Keweenaw","MI"
"Stark","ND"
"Haywood","NC"
"Rockland","NY"
"King William","VA"
"Comanche","TX"
"Johnson","TN"
"Spink","SD"
"Williamsburg","SC"
"Mifflin","PA"
"Major","OK"
"Pierce","WI"
"Tyler","WV"
"Kearney","NE"
"McLeod","MN"
"Licking","OH"
"Lake","MI"
"Steele","ND"
"Henderson","NC"
"Saint Lawrence","NY"
"Lancaster","VA"
"Concho","TX"
"Knox","TN"
"Stanley","SD"
"York","SC"
"Monroe","PA"
"Marshall","OK"
"Polk","WI"
"Upshur","WV"
"Keith","NE"
"Mahnomen","MN"
"Logan","OH"
"Lapeer","MI"
"Stutsman","ND"
"Hertford","NC"
"Saratoga","NY"
"Lee","VA"
"Cooke","TX"
"Lake","TN"
"Sully","SD"
"Montgomery","PA"
"Mayes","OK"
"Portage","WI"
"Wayne","WV"
"Keya Paha","NE"
"Marshall","MN"
"Lorain","OH"
"Leelanau","MI"
"Towner","ND"
"Hoke","NC"
"Schenectady","NY"
"Loudoun","VA"
"Coryell","TX"
"Lauderdale","TN"
"Tripp","SD"
"Montour","PA"
"Murray","OK"
"Price","WI"
"Webster","WV"
"Kimball","NE"
"Martin","MN"
"Lucas","OH"
"Lenawee","MI"
"Traill","ND"
"Hyde","NC"
"Schoharie","NY"
"Louisa","VA"
"Cottle","TX"
"Lawrence","TN"
"Turner","SD"
"Northampton","PA"
"Muskogee","OK"
"Racine","WI"
"Wetzel","WV"
"Knox","NE"
"Meeker","MN"
"Madison","OH"
"Livingston","MI"
"Walsh","ND"
"Iredell","NC"
"Schuyler","NY"
"Lunenburg","VA"
"Crane","TX"
"Lewis","TN"
"Union","SD"
"Northumberland","PA"
"Noble","OK"
"Richland","WI"
"Wirt","WV"
"Lancaster","NE"
"Mille Lacs","MN"
"Mahoning","OH"
"Luce","MI"
"Ward","ND"
"Jackson","NC"
"Seneca","NY"
"Madison","VA"
"Crockett","TX"
"Lincoln","TN"
"Walworth","SD"
"Perry","PA"
"Nowata","OK"
"Rock","WI"
"Wood","WV"
"Lincoln","NE"
"Morrison","MN"
"Marion","OH"
"Mackinac","MI"
"Wells","ND"
"Johnston","NC"
"Steuben","NY"
"Mathews","VA"
"Crosby","TX"
"Loudon","TN"
"Yankton","SD"
"Philadelphia","PA"
"Okfuskee","OK"
"Rusk","WI"
"Wyoming","WV"
"Logan","NE"
"Mower","MN"
"Medina","OH"
"Macomb","MI"
"Williams","ND"
"Jones","NC"
"Suffolk","NY"
"Mecklenburg","VA"
"Culberson","TX"
"McMinn","TN"
"Pike","PA"
"Oklahoma","OK"
"Saint Croix","WI"
"Madison","NE"
"Murray","MN"
"Meigs","OH"
"Manistee","MI"
"Lee","NC"
"Sullivan","NY"
"Middlesex","VA"
"Dallam","TX"
"McNairy","TN"
"Potter","PA"
"Okmulgee","OK"
"Sauk","WI"
"Merrick","NE"
"Nicollet","MN"
"Mercer","OH"
"Marquette","MI"
"Lenoir","NC"
"Tioga","NY"
"Montgomery","VA"
"Dallas","TX"
"Macon","TN"
"Schuylkill","PA"
"Osage","OK"
"Sawyer","WI"
"Morrill","NE"
"Nobles","MN"
"Miami","OH"
"Mason","MI"
"Lincoln","NC"
"Tompkins","NY"
"Nelson","VA"
"Dawson","TX"
"Madison","TN"
"Snyder","PA"
"Ottawa","OK"
"Shawano","WI"
"Nance","NE"
"Norman","MN"
"Monroe","OH"
"Mecosta","MI"
"McDowell","NC"
"Ulster","NY"
"New Kent","VA"
"Deaf Smith","TX"
"Marion","TN"
"Somerset","PA"
"Pawnee","OK"
"Sheboygan","WI"
"Nemaha","NE"
"Olmsted","MN"
"Montgomery","OH"
"Menominee","MI"
"Macon","NC"
"Warren","NY"
"Northampton","VA"
"Delta","TX"
"Marshall","TN"
"Sullivan","PA"
"Payne","OK"
"Taylor","WI"
"Otoe","NE"
"Otter Tail","MN"
"Morgan","OH"
"Midland","MI"
"Madison","NC"
"Washington","NY"
"Northumberland","VA"
"Denton","TX"
"Maury","TN"
"Susquehanna","PA"
"Pittsburg","OK"
"Trempealeau","WI"
"Pawnee","NE"
"Pennington","MN"
"Morrow","OH"
"Missaukee","MI"
"Martin","NC"
"Wayne","NY"
"Nottoway","VA"
"DeWitt","TX"
"Meigs","TN"
"Tioga","PA"
"Pontotoc","OK"
"Vernon","WI"
"Perkins","NE"
"Pine","MN"
"Muskingum","OH"
"Monroe","MI"
"Mecklenburg","NC"
"Westchester","NY"
"Orange","VA"
"Dickens","TX"
"Monroe","TN"
"Union","PA"
"Pottawatomie","OK"
"Vilas","WI"
"Phelps","NE"
"Pipestone","MN"
"Noble","OH"
"Montcalm","MI"
"Mitchell","NC"
"Wyoming","NY"
"Page","VA"
"Dimmit","TX"
"Montgomery","TN"
"Venango","PA"
"Pushmataha","OK"
"Walworth","WI"
"Pierce","NE"
"Polk","MN"
"Ottawa","OH"
"Montmorency","MI"
"Montgomery","NC"
"Yates","NY"
"Patrick","VA"
"Donley","TX"
"Moore","TN"
"Warren","PA"
"Roger Mills","OK"
"Washburn","WI"
"Platte","NE"
"Pope","MN"
"Paulding","OH"
"Muskegon","MI"
"Moore","NC"
"Pittsylvania","VA"
"Duval","TX"
"Morgan","TN"
"Washington","PA"
"Rogers","OK"
"Washington","WI"
"Polk","NE"
"Ramsey","MN"
"Perry","OH"
"Newaygo","MI"
"Nash","NC"
"Powhatan","VA"
"Eastland","TX"
"Obion","TN"
"Wayne","PA"
"Seminole","OK"
"Waukesha","WI"
"Red Willow","NE"
"Red Lake","MN"
"Pickaway","OH"
"Oakland","MI"
"New Hanover","NC"
"Prince Edward","VA"
"Ector","TX"
"Overton","TN"
"Westmoreland","PA"
"Sequoyah","OK"
"Waupaca","WI"
"Richardson","NE"
"Redwood","MN"
"Pike","OH"
"Oceana","MI"
"Northampton","NC"
"Prince George","VA"
"Edwards","TX"
"Perry","TN"
"Wyoming","PA"
"Stephens","OK"
"Waushara","WI"
"Rock","NE"
"Renville","MN"
"Portage","OH"
"Ogemaw","MI"
"Onslow","NC"
"Prince William","VA"
"Ellis","TX"
"Pickett","TN"
"York","PA"
"Texas","OK"
"Winnebago","WI"
"Saline","NE"
"Rice","MN"
"Preble","OH"
"Ontonagon","MI"
"Orange","NC"
"Pulaski","VA"
"El Paso","TX"
"Polk","TN"
"Tillman","OK"
"Wood","WI"
"Sarpy","NE"
"Rock","MN"
"Putnam","OH"
"Osceola","MI"
"Pamlico","NC"
"Rappahannock","VA"
"Erath","TX"
"Putnam","TN"
"Tulsa","OK"
"Saunders","NE"
"Roseau","MN"
"Richland","OH"
"Oscoda","MI"
"Pasquotank","NC"
"Rockbridge","VA"
"Falls","TX"
"Rhea","TN"
"Wagoner","OK"
"Scotts Bluff","NE"
"Saint Louis","MN"
"Ross","OH"
"Otsego","MI"
"Pender","NC"
"Rockingham","VA"
"Fannin","TX"
"Roane","TN"
"Washington","OK"
"Seward","NE"
"Scott","MN"
"Sandusky","OH"
"Ottawa","MI"
"Perquimans","NC"
"Russell","VA"
"Fayette","TX"
"Robertson","TN"
"Washita","OK"
"Sheridan","NE"
"Sherburne","MN"
"Scioto","OH"
"Presque Isle","MI"
"Person","NC"
"Scott","VA"
"Fisher","TX"
"Rutherford","TN"
"Woods","OK"
"Sherman","NE"
"Sibley","MN"
"Seneca","OH"
"Roscommon","MI"
"Pitt","NC"
"Shenandoah","VA"
"Floyd","TX"
"Scott","TN"
"Woodward","OK"
"Sioux","NE"
"Stearns","MN"
"Shelby","OH"
"Saginaw","MI"
"Polk","NC"
"Smyth","VA"
"Fort Bend","TX"
"Sequatchie","TN"
"Stanton","NE"
"Steele","MN"
"Stark","OH"
"Saint Clair","MI"
"Randolph","NC"
"Southampton","VA"
"Franklin","TX"
"Sevier","TN"
"Thomas","NE"
"Stevens","MN"
"Summit","OH"
"Saint Joseph","MI"
"Richmond","NC"
"Spotsylvania","VA"
"Freestone","TX"
"Shelby","TN"
"Thurston","NE"
"Swift","MN"
"Trumbull","OH"
"Sanilac","MI"
"Robeson","NC"
"Stafford","VA"
"Frio","TX"
"Smith","TN"
"Valley","NE"
"Todd","MN"
"Tuscarawas","OH"
"Schoolcraft","MI"
"Rockingham","NC"
"Surry","VA"
"Gaines","TX"
"Stewart","TN"
"Washington","NE"
"Traverse","MN"
"Union","OH"
"Shiawassee","MI"
"Rowan","NC"
"Sussex","VA"
"Galveston","TX"
"Sullivan","TN"
"Wayne","NE"
"Wabasha","MN"
"Van Wert","OH"
"Tuscola","MI"
"Rutherford","NC"
"Tazewell","VA"
"Garza","TX"
"Sumner","TN"
"Webster","NE"
"Wadena","MN"
"Vinton","OH"
"Van Buren","MI"
"Sampson","NC"
"Warren","VA"
"Gillespie","TX"
"Tipton","TN"
"York","NE"
"Waseca","MN"
"Warren","OH"
"Washtenaw","MI"
"Scotland","NC"
"Washington","VA"
"Glasscock","TX"
"Trousdale","TN"
"Washington","MN"
"Washington","OH"
"Wayne","MI"
"Stanly","NC"
"Westmoreland","VA"
"Goliad","TX"
"Unicoi","TN"
"Watonwan","MN"
"Wayne","OH"
"Wexford","MI"
"Stokes","NC"
"Wise","VA"
"Gonzales","TX"
"Union","TN"
"Wilkin","MN"
"Williams","OH"
"Surry","NC"
"Wythe","VA"
"Gray","TX"
"Van Buren","TN"
"Winona","MN"
"Wood","OH"
"Swain","NC"
"York","VA"
"Grayson","TX"
"Warren","TN"
"Wright","MN"
"Wyandot","OH"
"Transylvania","NC"
"Alexandria","VA"
"Gregg","TX"
"Washington","TN"
"Yellow Medicine","MN"
"Tyrrell","NC"
"Bristol","VA"
"Grimes","TX"
"Wayne","TN"
"Union","NC"
"Charlottesville","VA"
"Guadalupe","TX"
"Weakley","TN"
"Vance","NC"
"Chesapeake","VA"
"Hale","TX"
"White","TN"
"Wake","NC"
"Danville","VA"
"Hall","TX"
"Williamson","TN"
"Warren","NC"
"Falls Church","VA"
"Hamilton","TX"
"Wilson","TN"
"Washington","NC"
"Fredericksburg","VA"
"Hansford","TX"
"Watauga","NC"
"Hampton","VA"
"Hardin","TX"
"Wayne","NC"
"Harrisonburg","VA"
"Harris","TX"
"Wilkes","NC"
"Lynchburg","VA"
"Harrison","TX"
"Wilson","NC"
"Manassas","VA"
"Hartley","TX"
"Yadkin","NC"
"Martinsville","VA"
"Haskell","TX"
"Yancey","NC"
"Newport News","VA"
"Hays","TX"
"Norfolk","VA"
"Hemphill","TX"
"Petersburg","VA"
"Henderson","TX"
"Poquoson","VA"
"Hidalgo","TX"
"Portsmouth","VA"
"Hill","TX"
"Radford","VA"
"Hockley","TX"
"Salem","VA"
"Hood","TX"
"Staunton","VA"
"Hopkins","TX"
"Suffolk","VA"
"Houston","TX"
"Virginia Beach","VA"
"Howard","TX"
"Williamsburg","VA"
"Hudspeth","TX"
"Hunt","TX"
"Hutchinson","TX"
"Irion","TX"
"Jack","TX"
"Jackson","TX"
"Jasper","TX"
"Jeff Davis","TX"
"Jefferson","TX"
"Jim Hogg","TX"
"Jim Wells","TX"
"Johnson","TX"
"Jones","TX"
"Karnes","TX"
"Kaufman","TX"
"Kendall","TX"
"Kent","TX"
"Kerr","TX"
"Kimble","TX"
"Kinney","TX"
"Kleberg","TX"
"Knox","TX"
"Lamar","TX"
"Lamb","TX"
"Lampasas","TX"
"La Salle","TX"
"Lavaca","TX"
"Lee","TX"
"Leon","TX"
"Liberty","TX"
"Limestone","TX"
"Lipscomb","TX"
"Live Oak","TX"
"Llano","TX"
"Lubbock","TX"
"Lynn","TX"
"McCulloch","TX"
"McLennan","TX"
"McMullen","TX"
"Madison","TX"
"Marion","TX"
"Martin","TX"
"Mason","TX"
"Matagorda","TX"
"Maverick","TX"
"Medina","TX"
"Menard","TX"
"Midland","TX"
"Milam","TX"
"Mills","TX"
"Mitchell","TX"
"Montague","TX"
"Montgomery","TX"
"Moore","TX"
"Morris","TX"
"Nacogdoches","TX"
"Navarro","TX"
"Newton","TX"
"Nolan","TX"
"Nueces","TX"
"Ochiltree","TX"
"Oldham","TX"
"Orange","TX"
"Palo Pinto","TX"
"Panola","TX"
"Parker","TX"
"Parmer","TX"
"Pecos","TX"
"Polk","TX"
"Potter","TX"
"Presidio","TX"
"Rains","TX"
"Randall","TX"
"Reagan","TX"
"Real","TX"
"Red River","TX"
"Reeves","TX"
"Refugio","TX"
"Roberts","TX"
"Robertson","TX"
"Rockwall","TX"
"Runnels","TX"
"Rusk","TX"
"Sabine","TX"
"San Augustine","TX"
"San Jacinto","TX"
"San Patricio","TX"
"San Saba","TX"
"Schleicher","TX"
"Scurry","TX"
"Shackelford","TX"
"Shelby","TX"
"Sherman","TX"
"Smith","TX"
"Somervell","TX"
"Starr","TX"
"Stephens","TX"
"Sterling","TX"
"Sutton","TX"
"Swisher","TX"
"Tarrant","TX"
"Taylor","TX"
"Terrell","TX"
"Terry","TX"
"Throckmorton","TX"
"Titus","TX"
"Tom Green","TX"
"Travis","TX"
"Trinity","TX"
"Tyler","TX"
"Upshur","TX"
"Upton","TX"
"Uvalde","TX"
"Val Verde","TX"
"Van Zandt","TX"
"Victoria","TX"
"Walker","TX"
"Waller","TX"
"Ward","TX"
"Washington","TX"
"Webb","TX"
"Wharton","TX"
"Wheeler","TX"
"Wichita","TX"
"Wilbarger","TX"
"Willacy","TX"
"Williamson","TX"
"Wilson","TX"
"Winkler","TX"
"Wise","TX"
"Wood","TX"
"Yoakum","TX"
"Young","TX"
"Zapata","TX"
"Zavala","TX"
"Androscoggin","ME"
"Acadia","LA"
"Adair","KY"
"Allen","KS"
"Aroostook","ME"
"Allen","LA"
"Allen","KY"
"Adair","IA"
"Anderson","KS"
"Adams","IN"
"Adams","IL"
"Cumberland","ME"
"Ascension","LA"
"Anderson","KY"
"Adams","IA"
"Atchison","KS"
"Allen","IN"
"Alexander","IL"
"Franklin","ME"
"Assumption","LA"
"Ballard","KY"
"Allamakee","IA"
"Barber","KS"
"Bartholomew","IN"
"Bond","IL"
"Hancock","ME"
"Avoyelles","LA"
"Barren","KY"
"Appanoose","IA"
"Barton","KS"
"Benton","IN"
"Boone","IL"
"Kennebec","ME"
"Beauregard","LA"
"Bath","KY"
"Audubon","IA"
"Bourbon","KS"
"Blackford","IN"
"Brown","IL"
"Knox","ME"
"Bienville","LA"
"Bell","KY"
"Benton","IA"
"Brown","KS"
"Boone","IN"
"Bureau","IL"
"Lincoln","ME"
"Bossier","LA"
"Boone","KY"
"Black Hawk","IA"
"Butler","KS"
"Brown","IN"
"Calhoun","IL"
"Oxford","ME"
"Caddo","LA"
"Bourbon","KY"
"Boone","IA"
"Chase","KS"
"Carroll","IN"
"Carroll","IL"
"Penobscot","ME"
"Calcasieu","LA"
"Boyd","KY"
"Bremer","IA"
"Chautauqua","KS"
"Cass","IN"
"Cass","IL"
"Piscataquis","ME"
"Caldwell","LA"
"Boyle","KY"
"Buchanan","IA"
"Cherokee","KS"
"Clark","IN"
"Champaign","IL"
"Sagadahoc","ME"
"Cameron","LA"
"Bracken","KY"
"Buena Vista","IA"
"Cheyenne","KS"
"Clay","IN"
"Christian","IL"
"Somerset","ME"
"Catahoula","LA"
"Breathitt","KY"
"Butler","IA"
"Clark","KS"
"Clinton","IN"
"Clark","IL"
"Waldo","ME"
"Claiborne","LA"
"Breckinridge","KY"
"Calhoun","IA"
"Clay","KS"
"Crawford","IN"
"Clay","IL"
"Washington","ME"
"Concordia","LA"
"Bullitt","KY"
"Carroll","IA"
"Cloud","KS"
"Daviess","IN"
"Clinton","IL"
"York","ME"
"De Soto","LA"
"Butler","KY"
"Cass","IA"
"Coffey","KS"
"Dearborn","IN"
"Coles","IL"
"East Baton Rouge","LA"
"Caldwell","KY"
"Cedar","IA"
"Comanche","KS"
"Decatur","IN"
"Cook","IL"
"East Carroll","LA"
"Calloway","KY"
"Cerro Gordo","IA"
"Cowley","KS"
"DeKalb","IN"
"Crawford","IL"
"East Feliciana","LA"
"Campbell","KY"
"Cherokee","IA"
"Crawford","KS"
"Delaware","IN"
"Cumberland","IL"
"Evangeline","LA"
"Carlisle","KY"
"Chickasaw","IA"
"Decatur","KS"
"Dubois","IN"
"DeKalb","IL"
"Franklin","LA"
"Carroll","KY"
"Clarke","IA"
"Dickinson","KS"
"Elkhart","IN"
"De Witt","IL"
"Grant","LA"
"Carter","KY"
"Clay","IA"
"Doniphan","KS"
"Fayette","IN"
"Douglas","IL"
"Iberia","LA"
"Casey","KY"
"Clayton","IA"
"Douglas","KS"
"Floyd","IN"
"DuPage","IL"
"Iberville","LA"
"Christian","KY"
"Clinton","IA"
"Edwards","KS"
"Fountain","IN"
"Edgar","IL"
"Jackson","LA"
"Clark","KY"
"Crawford","IA"
"Elk","KS"
"Franklin","IN"
"Edwards","IL"
"Jefferson","LA"
"Clay","KY"
"Dallas","IA"
"Ellis","KS"
"Fulton","IN"
"Effingham","IL"
"Jefferson Davis","LA"
"Clinton","KY"
"Davis","IA"
"Ellsworth","KS"
"Gibson","IN"
"Fayette","IL"
"Lafayette","LA"
"Crittenden","KY"
"Decatur","IA"
"Finney","KS"
"Grant","IN"
"Ford","IL"
"Lafourche","LA"
"Cumberland","KY"
"Delaware","IA"
"Ford","KS"
"Greene","IN"
"Franklin","IL"
"La Salle","LA"
"Daviess","KY"
"Des Moines","IA"
"Franklin","KS"
"Hamilton","IN"
"Fulton","IL"
"Lincoln","LA"
"Edmonson","KY"
"Dickinson","IA"
"Geary","KS"
"Hancock","IN"
"Gallatin","IL"
"Livingston","LA"
"Elliott","KY"
"Dubuque","IA"
"Gove","KS"
"Harrison","IN"
"Greene","IL"
"Madison","LA"
"Estill","KY"
"Emmet","IA"
"Graham","KS"
"Hendricks","IN"
"Grundy","IL"
"Morehouse","LA"
"Fayette","KY"
"Fayette","IA"
"Grant","KS"
"Henry","IN"
"Hamilton","IL"
"Natchitoches","LA"
"Fleming","KY"
"Floyd","IA"
"Gray","KS"
"Howard","IN"
"Hancock","IL"
"Orleans","LA"
"Floyd","KY"
"Franklin","IA"
"Greenwood","KS"
"Huntington","IN"
"Hardin","IL"
"Ouachita","LA"
"Franklin","KY"
"Fremont","IA"
"Hamilton","KS"
"Jackson","IN"
"Henderson","IL"
"Plaquemines","LA"
"Fulton","KY"
"Greene","IA"
"Harper","KS"
"Jasper","IN"
"Henry","IL"
"Pointe Coupee","LA"
"Gallatin","KY"
"Grundy","IA"
"Harvey","KS"
"Jay","IN"
"Iroquois","IL"
"Rapides","LA"
"Garrard","KY"
"Guthrie","IA"
"Haskell","KS"
"Jefferson","IN"
"Jackson","IL"
"Red River","LA"
"Grant","KY"
"Hamilton","IA"
"Hodgeman","KS"
"Jennings","IN"
"Jasper","IL"
"Richland","LA"
"Graves","KY"
"Hancock","IA"
"Jackson","KS"
"Johnson","IN"
"Jefferson","IL"
"Sabine","LA"
"Grayson","KY"
"Hardin","IA"
"Jefferson","KS"
"Knox","IN"
"Jersey","IL"
"Saint Bernard","LA"
"Green","KY"
"Harrison","IA"
"Jewell","KS"
"Kosciusko","IN"
"Jo Daviess","IL"
"Saint Charles","LA"
"Greenup","KY"
"Henry","IA"
"Johnson","KS"
"LaGrange","IN"
"Johnson","IL"
"Saint Helena","LA"
"Hancock","KY"
"Howard","IA"
"Kearny","KS"
"Lake","IN"
"Kane","IL"
"Saint James","LA"
"Hardin","KY"
"Humboldt","IA"
"Kingman","KS"
"LaPorte","IN"
"Kankakee","IL"
"Saint John the Baptist","LA"
"Harlan","KY"
"Ida","IA"
"Kiowa","KS"
"Lawrence","IN"
"Kendall","IL"
"Saint Landry","LA"
"Harrison","KY"
"Iowa","IA"
"Labette","KS"
"Madison","IN"
"Knox","IL"
"Saint Martin","LA"
"Hart","KY"
"Jackson","IA"
"Lane","KS"
"Marion","IN"
"Lake","IL"
"Saint Mary","LA"
"Henderson","KY"
"Jasper","IA"
"Leavenworth","KS"
"Marshall","IN"
"La Salle","IL"
"Saint Tammany","LA"
"Henry","KY"
"Jefferson","IA"
"Lincoln","KS"
"Martin","IN"
"Lawrence","IL"
"Tangipahoa","LA"
"Hickman","KY"
"Johnson","IA"
"Linn","KS"
"Miami","IN"
"Lee","IL"
"Tensas","LA"
"Hopkins","KY"
"Jones","IA"
"Logan","KS"
"Monroe","IN"
"Livingston","IL"
"Terrebonne","LA"
"Jackson","KY"
"Keokuk","IA"
"Lyon","KS"
"Montgomery","IN"
"Logan","IL"
"Union","LA"
"Jefferson","KY"
"Kossuth","IA"
"McPherson","KS"
"Morgan","IN"
"McDonough","IL"
"Vermilion","LA"
"Jessamine","KY"
"Lee","IA"
"Marion","KS"
"Newton","IN"
"McHenry","IL"
"Vernon","LA"
"Johnson","KY"
"Linn","IA"
"Marshall","KS"
"Noble","IN"
"McLean","IL"
"Washington","LA"
"Kenton","KY"
"Louisa","IA"
"Meade","KS"
"Ohio","IN"
"Macon","IL"
"Webster","LA"
"Knott","KY"
"Lucas","IA"
"Miami","KS"
"Orange","IN"
"Macoupin","IL"
"West Baton Rouge","LA"
"Knox","KY"
"Lyon","IA"
"Mitchell","KS"
"Owen","IN"
"Madison","IL"
"West Carroll","LA"
"Larue","KY"
"Madison","IA"
"Montgomery","KS"
"Parke","IN"
"Marion","IL"
"West Feliciana","LA"
"Laurel","KY"
"Mahaska","IA"
"Morris","KS"
"Perry","IN"
"Marshall","IL"
"Winn","LA"
"Lawrence","KY"
"Marion","IA"
"Morton","KS"
"Pike","IN"
"Mason","IL"
"Lee","KY"
"Marshall","IA"
"Nemaha","KS"
"Porter","IN"
"Massac","IL"
"Leslie","KY"
"Mills","IA"
"Neosho","KS"
"Posey","IN"
"Menard","IL"
"Letcher","KY"
"Mitchell","IA"
"Ness","KS"
"Pulaski","IN"
"Mercer","IL"
"Lewis","KY"
"Monona","IA"
"Norton","KS"
"Putnam","IN"
"Monroe","IL"
"Lincoln","KY"
"Monroe","IA"
"Osage","KS"
"Randolph","IN"
"Montgomery","IL"
"Livingston","KY"
"Montgomery","IA"
"Osborne","KS"
"Ripley","IN"
"Morgan","IL"
"Logan","KY"
"Muscatine","IA"
"Ottawa","KS"
"Rush","IN"
"Moultrie","IL"
"Lyon","KY"
"O'Brien","IA"
"Pawnee","KS"
"Saint Joseph","IN"
"Ogle","IL"
"McCracken","KY"
"Osceola","IA"
"Phillips","KS"
"Scott","IN"
"Peoria","IL"
"McCreary","KY"
"Page","IA"
"Pottawatomie","KS"
"Shelby","IN"
"Perry","IL"
"McLean","KY"
"Palo Alto","IA"
"Pratt","KS"
"Spencer","IN"
"Piatt","IL"
"Madison","KY"
"Plymouth","IA"
"Rawlins","KS"
"Starke","IN"
"Pike","IL"
"Magoffin","KY"
"Pocahontas","IA"
"Reno","KS"
"Steuben","IN"
"Pope","IL"
"Marion","KY"
"Polk","IA"
"Republic","KS"
"Sullivan","IN"
"Pulaski","IL"
"Marshall","KY"
"Pottawattamie","IA"
"Rice","KS"
"Switzerland","IN"
"Putnam","IL"
"Martin","KY"
"Poweshiek","IA"
"Riley","KS"
"Tippecanoe","IN"
"Randolph","IL"
"Mason","KY"
"Ringgold","IA"
"Rooks","KS"
"Tipton","IN"
"Richland","IL"
"Meade","KY"
"Sac","IA"
"Rush","KS"
"Union","IN"
"Rock Island","IL"
"Menifee","KY"
"Scott","IA"
"Russell","KS"
"Vanderburgh","IN"
"Saint Clair","IL"
"Mercer","KY"
"Shelby","IA"
"Saline","KS"
"Vermillion","IN"
"Saline","IL"
"Metcalfe","KY"
"Sioux","IA"
"Sedgwick","KS"
"Vigo","IN"
"Sangamon","IL"
"Monroe","KY"
"Story","IA"
"Seward","KS"
"Wabash","IN"
"Schuyler","IL"
"Montgomery","KY"
"Tama","IA"
"Shawnee","KS"
"Warren","IN"
"Scott","IL"
"Morgan","KY"
"Taylor","IA"
"Sheridan","KS"
"Warrick","IN"
"Shelby","IL"
"Muhlenberg","KY"
"Union","IA"
"Sherman","KS"
"Washington","IN"
"Stark","IL"
"Nelson","KY"
"Van Buren","IA"
"Smith","KS"
"Wayne","IN"
"Stephenson","IL"
"Nicholas","KY"
"Wapello","IA"
"Stafford","KS"
"Wells","IN"
"Tazewell","IL"
"Ohio","KY"
"Warren","IA"
"Stanton","KS"
"White","IN"
"Union","IL"
"Oldham","KY"
"Washington","IA"
"Stevens","KS"
"Whitley","IN"
"Vermilion","IL"
"Owen","KY"
"Wayne","IA"
"Sumner","KS"
"Wabash","IL"
"Owsley","KY"
"Webster","IA"
"Thomas","KS"
"Warren","IL"
"Pendleton","KY"
"Winnebago","IA"
"Trego","KS"
"Washington","IL"
"Perry","KY"
"Winneshiek","IA"
"Wabaunsee","KS"
"Wayne","IL"
"Pike","KY"
"Woodbury","IA"
"Wallace","KS"
"White","IL"
"Powell","KY"
"Worth","IA"
"Washington","KS"
"Whiteside","IL"
"Pulaski","KY"
"Wright","IA"
"Wilson","KS"
"Will","IL"
"Robertson","KY"
"Woodson","KS"
"Williamson","IL"
"Rockcastle","KY"
"Wyandotte","KS"
"Winnebago","IL"
"Rowan","KY"
"Woodford","IL"
"Russell","KY"
"Scott","KY"
"Shelby","KY"
"Simpson","KY"
"Spencer","KY"
"Taylor","KY"
"Todd","KY"
"Trigg","KY"
"Trimble","KY"
"Union","KY"
"Warren","KY"
"Washington","KY"
"Wayne","KY"
"Webster","KY"
"Whitley","KY"
"Wolfe","KY"
"Woodford","KY"
