stateName,countyName,county
Alabama,Autauga,Autauga County
Alabama,Baldwin,Baldwin County
Alabama,Barbour,Barbour County
Alabama,Bibb,Bibb County
Alabama,Blount,Blount County
Alabama,Bullock,Bullock County
Alabama,Butler,Butler County
Alabama,Calhoun,Calhoun County
District Of Columbia,District of Columbia,District of Columbia County
Alabama,Chambers,Chambers County
Georgia,Appling,Appling County
Alabama,Cherokee,Cherokee County
Connecticut,Fairfield,Fairfield County
Georgia,Atkinson,Atkinson County
Alabama,Chilton,Chilton County
Connecticut,Hartford,Hartford County
Delaware,Kent,Kent County
Georgia,Bacon,Bacon County
Alabama,Choctaw,Choctaw County
Connecticut,Litchfield,Litchfield County
Delaware,New Castle,New Castle County
Idaho,Ada,Ada County
Arkansas,Arkansas,Arkansas County
Colorado,Adams,Adams County
California,Alameda,Alameda County
Georgia,Baker,Baker County
Alabama,Clarke,Clarke County
Connecticut,Middlesex,Middlesex County
Delaware,Sussex,Sussex County
Idaho,Adams,Adams County
Arkansas,Ashley,Ashley County
Colorado,Alamosa,Alamosa County
California,Alpine,Alpine County
Hawaii,Hawaii,Hawaii County
Alaska,Aleutians West,Aleutians West Borough
Arizona,Apache,Apache County
Georgia,Baldwin,Baldwin County
Alabama,Clay,Clay County
Connecticut,New Haven,New Haven County
Florida,Alachua,Alachua County
Idaho,Bannock,Bannock County
Arkansas,Baxter,Baxter County
Colorado,Arapahoe,Arapahoe County
California,Amador,Amador County
Hawaii,Honolulu,Honolulu County
Alaska,Anchorage,Anchorage Borough
Arizona,Cochise,Cochise County
Georgia,Banks,Banks County
Alabama,Cleburne,Cleburne County
Connecticut,New London,New London County
Montana,Beaverhead,Beaverhead County
Missouri,Adair,Adair County
Mississippi,Adams,Adams County
Wyoming,Albany,Albany County
Florida,Baker,Baker County
Idaho,Bear Lake,Bear Lake County
Arkansas,Benton,Benton County
Colorado,Archuleta,Archuleta County
California,Butte,Butte County
Hawaii,Kauai,Kauai County
Alaska,Bethel,Bethel Borough
Arizona,Coconino,Coconino County
Georgia,Barrow,Barrow County
Alabama,Coffee,Coffee County
Connecticut,Tolland,Tolland County
Montana,Big Horn,Big Horn County
Missouri,Andrew,Andrew County
Mississippi,Alcorn,Alcorn County
Wyoming,Big Horn,Big Horn County
Florida,Bay,Bay County
Idaho,Benewah,Benewah County
Arkansas,Boone,Boone County
Colorado,Bent,Bent County
California,Calaveras,Calaveras County
Hawaii,Maui,Maui County
Alaska,Denali,Denali Borough
Arizona,Gila,Gila County
Georgia,Bartow,Bartow County
Alabama,Colbert,Colbert County
Connecticut,Windham,Windham County
Montana,Blaine,Blaine County
Missouri,Atchison,Atchison County
Mississippi,Amite,Amite County
Wyoming,Campbell,Campbell County
Florida,Bradford,Bradford County
Idaho,Bingham,Bingham County
Arkansas,Bradley,Bradley County
Colorado,Boulder,Boulder County
California,Colusa,Colusa County
Alaska,Dillingham,Dillingham Borough
Arizona,Graham,Graham County
Georgia,Ben Hill,Ben Hill County
Alabama,Conecuh,Conecuh County
Montana,Broadwater,Broadwater County
Missouri,Audrain,Audrain County
Mississippi,Attala,Attala County
Wyoming,Carbon,Carbon County
Florida,Brevard,Brevard County
Idaho,Blaine,Blaine County
Arkansas,Calhoun,Calhoun County
Colorado,Broomfield,Broomfield County
California,Contra Costa,Contra Costa County
Alaska,Fairbanks North Star,Fairbanks North Star Borough
Arizona,Greenlee,Greenlee County
Georgia,Berrien,Berrien County
Alabama,Coosa,Coosa County
Montana,Carbon,Carbon County
Missouri,Barry,Barry County
Mississippi,Benton,Benton County
Wyoming,Converse,Converse County
Florida,Broward,Broward County
Idaho,Boise,Boise County
Arkansas,Carroll,Carroll County
Colorado,Chaffee,Chaffee County
California,Del Norte,Del Norte County
Alaska,Haines,Haines Borough
Arizona,La Paz,La Paz County
Georgia,Bibb,Bibb County
Alabama,Covington,Covington County
Montana,Cascade,Cascade County
Missouri,Barton,Barton County
Mississippi,Bolivar,Bolivar County
Wyoming,Crook,Crook County
Florida,Calhoun,Calhoun County
Idaho,Bonner,Bonner County
Arkansas,Chicot,Chicot County
Colorado,Cheyenne,Cheyenne County
California,El Dorado,El Dorado County
Alaska,Juneau,Juneau Borough
Arizona,Maricopa,Maricopa County
Georgia,Bleckley,Bleckley County
Alabama,Crenshaw,Crenshaw County
Montana,Chouteau,Chouteau County
Missouri,Bates,Bates County
Mississippi,Calhoun,Calhoun County
Wyoming,Fremont,Fremont County
Florida,Charlotte,Charlotte County
Idaho,Bonneville,Bonneville County
Arkansas,Clark,Clark County
Colorado,Clear Creek,Clear Creek County
California,Fresno,Fresno County
Alaska,Kenai Peninsula,Kenai Peninsula Borough
Arizona,Mohave,Mohave County
Georgia,Brantley,Brantley County
Alabama,Cullman,Cullman County
Montana,Custer,Custer County
Missouri,Benton,Benton County
Mississippi,Carroll,Carroll County
Wyoming,Goshen,Goshen County
Florida,Citrus,Citrus County
Idaho,Boundary,Boundary County
Arkansas,Clay,Clay County
Colorado,Conejos,Conejos County
California,Glenn,Glenn County
Alaska,Ketchikan Gateway,Ketchikan Gateway Borough
Arizona,Navajo,Navajo County
Georgia,Brooks,Brooks County
Alabama,Dale,Dale County
Montana,Daniels,Daniels County
Missouri,Bollinger,Bollinger County
Mississippi,Chickasaw,Chickasaw County
Wyoming,Hot Springs,Hot Springs County
Florida,Clay,Clay County
Idaho,Butte,Butte County
Arkansas,Cleburne,Cleburne County
Colorado,Costilla,Costilla County
California,Humboldt,Humboldt County
Alaska,Kodiak Island,Kodiak Island Borough
Arizona,Pima,Pima County
Georgia,Bryan,Bryan County
Alabama,Dallas,Dallas County
Montana,Dawson,Dawson County
Missouri,Boone,Boone County
Mississippi,Choctaw,Choctaw County
Wyoming,Johnson,Johnson County
Florida,Collier,Collier County
Idaho,Camas,Camas County
Arkansas,Cleveland,Cleveland County
Colorado,Crowley,Crowley County
California,Imperial,Imperial County
Alaska,Matanuska-Susitna,Matanuska-Susitna Borough
Arizona,Pinal,Pinal County
Georgia,Bulloch,Bulloch County
Alabama,DeKalb,DeKalb County
Montana,Deer Lodge,Deer Lodge County
Missouri,Buchanan,Buchanan County
Mississippi,Claiborne,Claiborne County
Wyoming,Laramie,Laramie County
Florida,Columbia,Columbia County
Idaho,Canyon,Canyon County
Arkansas,Columbia,Columbia County
Colorado,Custer,Custer County
California,Inyo,Inyo County
Alaska,Nome,Nome Borough
Arizona,Santa Cruz,Santa Cruz County
Georgia,Burke,Burke County
Alabama,Elmore,Elmore County
Montana,Fallon,Fallon County
Missouri,Butler,Butler County
Mississippi,Clarke,Clarke County
Wyoming,Lincoln,Lincoln County
Florida,DeSoto,DeSoto County
Idaho,Caribou,Caribou County
Arkansas,Conway,Conway County
Colorado,Delta,Delta County
California,Kern,Kern County
Alaska,Sitka,Sitka Borough
Arizona,Yavapai,Yavapai County
Georgia,Butts,Butts County
Alabama,Escambia,Escambia County
Montana,Fergus,Fergus County
Missouri,Caldwell,Caldwell County
Mississippi,Clay,Clay County
Wyoming,Natrona,Natrona County
Florida,Dixie,Dixie County
Idaho,Cassia,Cassia County
Arkansas,Craighead,Craighead County
Colorado,Denver,Denver County
California,Kings,Kings County
Alaska,Southeast Fairbanks,Southeast Fairbanks Borough
Arizona,Yuma,Yuma County
Georgia,Calhoun,Calhoun County
Alabama,Etowah,Etowah County
Montana,Flathead,Flathead County
Missouri,Callaway,Callaway County
Mississippi,Coahoma,Coahoma County
Wyoming,Niobrara,Niobrara County
Florida,Duval,Duval County
Idaho,Clark,Clark County
Arkansas,Crawford,Crawford County
Colorado,Dolores,Dolores County
California,Lake,Lake County
Alaska,Valdez-Cordova,Valdez-Cordova Borough
Georgia,Camden,Camden County
Alabama,Fayette,Fayette County
Montana,Gallatin,Gallatin County
Missouri,Camden,Camden County
Mississippi,Copiah,Copiah County
Wyoming,Park,Park County
Florida,Escambia,Escambia County
Idaho,Clearwater,Clearwater County
Arkansas,Crittenden,Crittenden County
Colorado,Douglas,Douglas County
California,Lassen,Lassen County
Alaska,Yukon-Koyukuk,Yukon-Koyukuk Borough
Georgia,Candler,Candler County
Alabama,Franklin,Franklin County
Montana,Glacier,Glacier County
Missouri,Cape Girardeau,Cape Girardeau County
Mississippi,Covington,Covington County
Wyoming,Platte,Platte County
Florida,Flagler,Flagler County
Idaho,Custer,Custer County
Arkansas,Cross,Cross County
Colorado,Eagle,Eagle County
California,Los Angeles,Los Angeles County
Georgia,Carroll,Carroll County
Alabama,Geneva,Geneva County
Montana,Golden Valley,Golden Valley County
Missouri,Carroll,Carroll County
Mississippi,DeSoto,DeSoto County
Wyoming,Sheridan,Sheridan County
Florida,Franklin,Franklin County
Idaho,Elmore,Elmore County
Arkansas,Dallas,Dallas County
Colorado,Elbert,Elbert County
California,Madera,Madera County
Georgia,Catoosa,Catoosa County
Alabama,Greene,Greene County
Montana,Granite,Granite County
Missouri,Carter,Carter County
Mississippi,Forrest,Forrest County
Wyoming,Sublette,Sublette County
Florida,Gadsden,Gadsden County
Idaho,Franklin,Franklin County
Arkansas,Desha,Desha County
Colorado,El Paso,El Paso County
California,Marin,Marin County
Georgia,Charlton,Charlton County
Alabama,Hale,Hale County
Montana,Hill,Hill County
Missouri,Cass,Cass County
Mississippi,Franklin,Franklin County
Wyoming,Sweetwater,Sweetwater County
Florida,Gilchrist,Gilchrist County
Idaho,Fremont,Fremont County
Arkansas,Drew,Drew County
Colorado,Fremont,Fremont County
California,Mariposa,Mariposa County
Georgia,Chatham,Chatham County
Alabama,Henry,Henry County
Montana,Jefferson,Jefferson County
Missouri,Cedar,Cedar County
Mississippi,George,George County
Wyoming,Teton,Teton County
Florida,Glades,Glades County
Idaho,Gem,Gem County
Arkansas,Faulkner,Faulkner County
Colorado,Garfield,Garfield County
California,Mendocino,Mendocino County
Georgia,Chattahoochee,Chattahoochee County
Alabama,Houston,Houston County
Montana,Judith Basin,Judith Basin County
Missouri,Chariton,Chariton County
Mississippi,Greene,Greene County
Wyoming,Uinta,Uinta County
Florida,Gulf,Gulf County
Idaho,Gooding,Gooding County
Arkansas,Franklin,Franklin County
Colorado,Gilpin,Gilpin County
California,Merced,Merced County
Georgia,Chattooga,Chattooga County
Alabama,Jackson,Jackson County
Montana,Lake,Lake County
Missouri,Christian,Christian County
Mississippi,Grenada,Grenada County
Wyoming,Washakie,Washakie County
Florida,Hamilton,Hamilton County
Idaho,Idaho,Idaho County
Arkansas,Fulton,Fulton County
Colorado,Grand,Grand County
California,Modoc,Modoc County
Georgia,Cherokee,Cherokee County
Alabama,Jefferson,Jefferson County
Montana,Lewis and Clark,Lewis and Clark County
Missouri,Clark,Clark County
Mississippi,Hancock,Hancock County
Wyoming,Weston,Weston County
Florida,Hardee,Hardee County
Idaho,Jefferson,Jefferson County
Arkansas,Garland,Garland County
Colorado,Gunnison,Gunnison County
California,Mono,Mono County
Georgia,Clarke,Clarke County
Alabama,Lamar,Lamar County
Montana,Liberty,Liberty County
Missouri,Clay,Clay County
Mississippi,Harrison,Harrison County
Florida,Hendry,Hendry County
Idaho,Jerome,Jerome County
Arkansas,Grant,Grant County
Colorado,Hinsdale,Hinsdale County
California,Monterey,Monterey County
Georgia,Clay,Clay County
Alabama,Lauderdale,Lauderdale County
Montana,Lincoln,Lincoln County
Missouri,Clinton,Clinton County
Mississippi,Hinds,Hinds County
Florida,Hernando,Hernando County
Idaho,Kootenai,Kootenai County
Arkansas,Greene,Greene County
Colorado,Huerfano,Huerfano County
California,Napa,Napa County
Georgia,Clayton,Clayton County
Alabama,Lawrence,Lawrence County
Montana,McCone,McCone County
Missouri,Cole,Cole County
Mississippi,Holmes,Holmes County
Florida,Highlands,Highlands County
Idaho,Latah,Latah County
Arkansas,Hempstead,Hempstead County
Colorado,Jackson,Jackson County
California,Nevada,Nevada County
Georgia,Clinch,Clinch County
Alabama,Lee,Lee County
Montana,Madison,Madison County
Missouri,Cooper,Cooper County
Mississippi,Humphreys,Humphreys County
Florida,Hills,Hills County
Idaho,Lemhi,Lemhi County
Arkansas,Hot Spring,Hot Spring County
Colorado,Jefferson,Jefferson County
California,Orange,Orange County
Georgia,Cobb,Cobb County
Alabama,Limestone,Limestone County
Montana,Meagher,Meagher County
Missouri,Crawford,Crawford County
Mississippi,Issaquena,Issaquena County
Florida,Holmes,Holmes County
Idaho,Lewis,Lewis County
Arkansas,Howard,Howard County
Colorado,Kit Carson,Kit Carson County
California,Placer,Placer County
Georgia,Coffee,Coffee County
Alabama,Lowndes,Lowndes County
Montana,Mineral,Mineral County
Missouri,Dade,Dade County
Mississippi,Itawamba,Itawamba County
Florida,Indian River,Indian River County
Idaho,Lincoln,Lincoln County
Arkansas,Independence,Independence County
Colorado,Lake,Lake County
California,Plumas,Plumas County
Georgia,Colquitt,Colquitt County
Alabama,Macon,Macon County
Montana,Missoula,Missoula County
Missouri,Dallas,Dallas County
Mississippi,Jackson,Jackson County
Florida,Jackson,Jackson County
Idaho,Madison,Madison County
Arkansas,Izard,Izard County
Colorado,La Plata,La Plata County
California,Riverside,Riverside County
Georgia,Columbia,Columbia County
Alabama,Madison,Madison County
Montana,Musselshell,Musselshell County
Missouri,Daviess,Daviess County
Mississippi,Jasper,Jasper County
Florida,Jefferson,Jefferson County
Idaho,Minidoka,Minidoka County
Arkansas,Jackson,Jackson County
Colorado,Larimer,Larimer County
California,Sacramento,Sacramento County
Georgia,Cook,Cook County
Alabama,Marengo,Marengo County
Montana,Park,Park County
Missouri,DeKalb,DeKalb County
Mississippi,Jefferson,Jefferson County
Florida,Lafayette,Lafayette County
Idaho,Nez Perce,Nez Perce County
Arkansas,Jefferson,Jefferson County
Colorado,Las Animas,Las Animas County
California,San Benito,San Benito County
Georgia,Coweta,Coweta County
Alabama,Marion,Marion County
Montana,Petroleum,Petroleum County
Missouri,Dent,Dent County
Mississippi,Jefferson Davis,Jefferson Davis County
Florida,Lake,Lake County
Idaho,Oneida,Oneida County
Arkansas,Johnson,Johnson County
Colorado,Lincoln,Lincoln County
California,San Bernardino,San Bernardino County
Georgia,Crawford,Crawford County
Alabama,Marshall,Marshall County
Montana,Phillips,Phillips County
Missouri,Douglas,Douglas County
Mississippi,Jones,Jones County
Florida,Lee,Lee County
Idaho,Owyhee,Owyhee County
Arkansas,Lafayette,Lafayette County
Colorado,Logan,Logan County
California,San Diego,San Diego County
Georgia,Crisp,Crisp County
Alabama,Mobile,Mobile County
Montana,Pondera,Pondera County
Missouri,Dunklin,Dunklin County
Mississippi,Kemper,Kemper County
Florida,Leon,Leon County
Idaho,Payette,Payette County
Arkansas,Lawrence,Lawrence County
Colorado,Mesa,Mesa County
California,San Francisco,San Francisco County
Georgia,Dade,Dade County
Alabama,Monroe,Monroe County
Montana,Powder River,Powder River County
Missouri,Franklin,Franklin County
Mississippi,Lafayette,Lafayette County
Florida,Levy,Levy County
Idaho,Power,Power County
Arkansas,Lee,Lee County
Colorado,Mineral,Mineral County
California,San Joaquin,San Joaquin County
Georgia,Dawson,Dawson County
Alabama,Montgomery,Montgomery County
Montana,Powell,Powell County
Missouri,Gasconade,Gasconade County
Mississippi,Lamar,Lamar County
Florida,Liberty,Liberty County
Idaho,Shoshone,Shoshone County
Arkansas,Lincoln,Lincoln County
Colorado,Moffat,Moffat County
California,San Luis Obispo,San Luis Obispo County
Georgia,Decatur,Decatur County
Alabama,Morgan,Morgan County
Montana,Prairie,Prairie County
Missouri,Gentry,Gentry County
Mississippi,Lauderdale,Lauderdale County
Florida,Madison,Madison County
Idaho,Teton,Teton County
Arkansas,Little River,Little River County
Colorado,Montezuma,Montezuma County
California,San Mateo,San Mateo County
Georgia,DeKalb,DeKalb County
Alabama,Perry,Perry County
Montana,Ravalli,Ravalli County
Missouri,Greene,Greene County
Mississippi,Lawrence,Lawrence County
Florida,Manatee,Manatee County
Idaho,Twin Falls,Twin Falls County
Arkansas,Logan,Logan County
Colorado,Montrose,Montrose County
California,Santa Barbara,Santa Barbara County
Georgia,Dodge,Dodge County
Alabama,Pickens,Pickens County
Montana,Richland,Richland County
Missouri,Grundy,Grundy County
Mississippi,Leake,Leake County
Florida,Marion,Marion County
Idaho,Valley,Valley County
Arkansas,Lonoke,Lonoke County
Colorado,Morgan,Morgan County
California,Santa Clara,Santa Clara County
Georgia,Dooly,Dooly County
Alabama,Pike,Pike County
Montana,Roosevelt,Roosevelt County
Missouri,Harrison,Harrison County
Mississippi,Lee,Lee County
Florida,Martin,Martin County
Idaho,Washington,Washington County
Arkansas,Madison,Madison County
Colorado,Otero,Otero County
California,Santa Cruz,Santa Cruz County
Georgia,Dougherty,Dougherty County
Alabama,Randolph,Randolph County
Montana,Rosebud,Rosebud County
Missouri,Henry,Henry County
Mississippi,Leflore,Leflore County
Florida,Miami-Dade,Miami-Dade County
Arkansas,Marion,Marion County
Colorado,Ouray,Ouray County
California,Shasta,Shasta County
Georgia,Douglas,Douglas County
Alabama,Russell,Russell County
Montana,Sanders,Sanders County
Missouri,Hickory,Hickory County
Mississippi,Lincoln,Lincoln County
Florida,Monroe,Monroe County
Arkansas,Miller,Miller County
Colorado,Park,Park County
California,Sierra,Sierra County
Georgia,Early,Early County
Alabama,Saint Clair,Saint Clair County
Montana,Sheridan,Sheridan County
Missouri,Holt,Holt County
Mississippi,Lowndes,Lowndes County
Florida,Nassau,Nassau County
Arkansas,Mississippi,Mississippi County
Colorado,Phillips,Phillips County
California,Siskiyou,Siskiyou County
Georgia,Echols,Echols County
Alabama,Shelby,Shelby County
Montana,Silver Bow,Silver Bow County
Missouri,Howard,Howard County
Mississippi,Madison,Madison County
Florida,Okaloosa,Okaloosa County
Arkansas,Monroe,Monroe County
Colorado,Pitkin,Pitkin County
California,Solano,Solano County
Georgia,Effingham,Effingham County
Alabama,Sumter,Sumter County
Montana,Stillwater,Stillwater County
Missouri,Howell,Howell County
Mississippi,Marion,Marion County
Florida,Okeechobee,Okeechobee County
Arkansas,Montgomery,Montgomery County
Colorado,Prowers,Prowers County
California,Sonoma,Sonoma County
Georgia,Elbert,Elbert County
Alabama,Talladega,Talladega County
Montana,Sweet Grass,Sweet Grass County
Missouri,Iron,Iron County
Mississippi,Marshall,Marshall County
Florida,Orange,Orange County
Arkansas,Nevada,Nevada County
Colorado,Pueblo,Pueblo County
California,Stanislaus,Stanislaus County
Georgia,Emanuel,Emanuel County
Alabama,Tallapoosa,Tallapoosa County
Montana,Teton,Teton County
Missouri,Jackson,Jackson County
Mississippi,Monroe,Monroe County
Florida,Osceola,Osceola County
Arkansas,Newton,Newton County
Colorado,Rio Blanco,Rio Blanco County
California,Sutter,Sutter County
Georgia,Evans,Evans County
Alabama,Tuscaloosa,Tuscaloosa County
Montana,Toole,Toole County
Missouri,Jasper,Jasper County
Mississippi,Montgomery,Montgomery County
Florida,Palm Beach,Palm Beach County
Arkansas,Ouachita,Ouachita County
Colorado,Rio Grande,Rio Grande County
California,Tehama,Tehama County
Georgia,Fannin,Fannin County
Alabama,Walker,Walker County
Montana,Treasure,Treasure County
Missouri,Jefferson,Jefferson County
Mississippi,Neshoba,Neshoba County
Florida,Pasco,Pasco County
Arkansas,Perry,Perry County
Colorado,Routt,Routt County
California,Trinity,Trinity County
Georgia,Fayette,Fayette County
Alabama,Washington,Washington County
Montana,Valley,Valley County
Missouri,Johnson,Johnson County
Mississippi,Newton,Newton County
Florida,Pinellas,Pinellas County
Arkansas,Phillips,Phillips County
Colorado,Saguache,Saguache County
California,Tulare,Tulare County
Georgia,Floyd,Floyd County
Alabama,Wilcox,Wilcox County
Montana,Wheatland,Wheatland County
Missouri,Knox,Knox County
Mississippi,Noxubee,Noxubee County
Florida,Polk,Polk County
Arkansas,Pike,Pike County
Colorado,San Juan,San Juan County
California,Tuolumne,Tuolumne County
Georgia,Forsyth,Forsyth County
Alabama,Winston,Winston County
Montana,Wibaux,Wibaux County
Missouri,Laclede,Laclede County
Mississippi,Oktibbeha,Oktibbeha County
Florida,Putnam,Putnam County
Arkansas,Poinsett,Poinsett County
Colorado,San Miguel,San Miguel County
California,Ventura,Ventura County
Georgia,Franklin,Franklin County
Montana,Yellowstone,Yellowstone County
Missouri,Lafayette,Lafayette County
Mississippi,Panola,Panola County
Florida,Saint Johns,Saint Johns County
Arkansas,Polk,Polk County
Colorado,Sedgwick,Sedgwick County
California,Yolo,Yolo County
Georgia,Fulton,Fulton County
Missouri,Lawrence,Lawrence County
Mississippi,Pearl River,Pearl River County
Florida,Saint Lucie,Saint Lucie County
Arkansas,Pope,Pope County
Colorado,Summit,Summit County
California,Yuba,Yuba County
Georgia,Gilmer,Gilmer County
Missouri,Lewis,Lewis County
Mississippi,Perry,Perry County
Florida,Santa Rosa,Santa Rosa County
Arkansas,Prairie,Prairie County
Colorado,Teller,Teller County
Georgia,Glascock,Glascock County
Missouri,Lincoln,Lincoln County
Mississippi,Pike,Pike County
Florida,Sarasota,Sarasota County
Arkansas,Pulaski,Pulaski County
Colorado,Washington,Washington County
Georgia,Glynn,Glynn County
Missouri,Linn,Linn County
Mississippi,Pontotoc,Pontotoc County
Florida,Seminole,Seminole County
Arkansas,Randolph,Randolph County
Colorado,Weld,Weld County
Georgia,Gordon,Gordon County
Missouri,Livingston,Livingston County
Mississippi,Prentiss,Prentiss County
Florida,Sumter,Sumter County
Arkansas,Saint Francis,Saint Francis County
Colorado,Yuma,Yuma County
Georgia,Grady,Grady County
Missouri,McDonald,McDonald County
Mississippi,Quitman,Quitman County
Florida,Suwannee,Suwannee County
Arkansas,Saline,Saline County
Georgia,Greene,Greene County
Missouri,Macon,Macon County
Mississippi,Rankin,Rankin County
Florida,Taylor,Taylor County
Arkansas,Scott,Scott County
Georgia,Gwinnett,Gwinnett County
Missouri,Madison,Madison County
Mississippi,Scott,Scott County
Florida,Union,Union County
Arkansas,Searcy,Searcy County
Georgia,Habersham,Habersham County
Missouri,Maries,Maries County
Mississippi,Simpson,Simpson County
Florida,Volusia,Volusia County
Arkansas,Sebastian,Sebastian County
Georgia,Hall,Hall County
Missouri,Marion,Marion County
Mississippi,Smith,Smith County
Florida,Wakulla,Wakulla County
Arkansas,Sevier,Sevier County
Georgia,Hancock,Hancock County
Missouri,Mercer,Mercer County
Mississippi,Stone,Stone County
Florida,Walton,Walton County
Arkansas,Sharp,Sharp County
Georgia,Haralson,Haralson County
Missouri,Miller,Miller County
Mississippi,Sunflower,Sunflower County
Florida,Washington,Washington County
Arkansas,Stone,Stone County
Georgia,Harris,Harris County
Missouri,Mississippi,Mississippi County
Mississippi,Tallahatchie,Tallahatchie County
Arkansas,Union,Union County
Georgia,Hart,Hart County
Missouri,Moniteau,Moniteau County
Mississippi,Tate,Tate County
Arkansas,Van Buren,Van Buren County
Georgia,Heard,Heard County
Missouri,Monroe,Monroe County
Mississippi,Tippah,Tippah County
Arkansas,Washington,Washington County
Georgia,Henry,Henry County
Missouri,Montgomery,Montgomery County
Mississippi,Tishomingo,Tishomingo County
Arkansas,White,White County
Georgia,Houston,Houston County
Missouri,Morgan,Morgan County
Mississippi,Tunica,Tunica County
Arkansas,Woodruff,Woodruff County
Georgia,Irwin,Irwin County
Missouri,New Madrid,New Madrid County
Mississippi,Union,Union County
Arkansas,Yell,Yell County
Georgia,Jackson,Jackson County
Missouri,Newton,Newton County
Mississippi,Walthall,Walthall County
Georgia,Jasper,Jasper County
Missouri,Nodaway,Nodaway County
Mississippi,Warren,Warren County
Georgia,Jeff Davis,Jeff Davis County
Missouri,Oregon,Oregon County
Mississippi,Washington,Washington County
Georgia,Jefferson,Jefferson County
Missouri,Osage,Osage County
Mississippi,Wayne,Wayne County
Georgia,Jenkins,Jenkins County
Missouri,Ozark,Ozark County
Mississippi,Webster,Webster County
Georgia,Johnson,Johnson County
Missouri,Pemiscot,Pemiscot County
Mississippi,Wilkinson,Wilkinson County
Georgia,Jones,Jones County
Missouri,Perry,Perry County
Mississippi,Winston,Winston County
Georgia,Lamar,Lamar County
Missouri,Pettis,Pettis County
Mississippi,Yalobusha,Yalobusha County
Georgia,Lanier,Lanier County
Missouri,Phelps,Phelps County
Mississippi,Yazoo,Yazoo County
Georgia,Laurens,Laurens County
Missouri,Pike,Pike County
Georgia,Lee,Lee County
Missouri,Platte,Platte County
Georgia,Liberty,Liberty County
Missouri,Polk,Polk County
Georgia,Lincoln,Lincoln County
Missouri,Pulaski,Pulaski County
Georgia,Long,Long County
Missouri,Putnam,Putnam County
Georgia,Lowndes,Lowndes County
Missouri,Ralls,Ralls County
Georgia,Lumpkin,Lumpkin County
Missouri,Randolph,Randolph County
Georgia,McDuffie,McDuffie County
Missouri,Ray,Ray County
Georgia,McIntosh,McIntosh County
Missouri,Reynolds,Reynolds County
Georgia,Macon,Macon County
Missouri,Ripley,Ripley County
Georgia,Madison,Madison County
Missouri,Saint Charles,Saint Charles County
Georgia,Marion,Marion County
Missouri,Saint Clair,Saint Clair County
Georgia,Meriwether,Meriwether County
Missouri,Saint Francois,Saint Francois County
Georgia,Miller,Miller County
Missouri,Saline,Saline County
Georgia,Mitchell,Mitchell County
Missouri,Schuyler,Schuyler County
Georgia,Monroe,Monroe County
Missouri,Scotland,Scotland County
Georgia,Montgomery,Montgomery County
Missouri,Scott,Scott County
Georgia,Morgan,Morgan County
Missouri,Shannon,Shannon County
Georgia,Murray,Murray County
Missouri,Shelby,Shelby County
Georgia,Muscogee,Muscogee County
Missouri,Stoddard,Stoddard County
Georgia,Newton,Newton County
Missouri,Stone,Stone County
Georgia,Oconee,Oconee County
Missouri,Sullivan,Sullivan County
Georgia,Oglethorpe,Oglethorpe County
Missouri,Taney,Taney County
Georgia,Paulding,Paulding County
Missouri,Texas,Texas County
Georgia,Peach,Peach County
Missouri,Vernon,Vernon County
Georgia,Pickens,Pickens County
Missouri,Warren,Warren County
Georgia,Pierce,Pierce County
Missouri,Washington,Washington County
Georgia,Pike,Pike County
Missouri,Wayne,Wayne County
Georgia,Polk,Polk County
Missouri,Webster,Webster County
Georgia,Pulaski,Pulaski County
Missouri,Worth,Worth County
Georgia,Putnam,Putnam County
Missouri,Wright,Wright County
Georgia,Quitman,Quitman County
Georgia,Rabun,Rabun County
Georgia,Randolph,Randolph County
Georgia,Richmond,Richmond County
Georgia,Rockdale,Rockdale County
Georgia,Schley,Schley County
Georgia,Screven,Screven County
Georgia,Seminole,Seminole County
Georgia,Spalding,Spalding County
Georgia,Stephens,Stephens County
Georgia,Stewart,Stewart County
Georgia,Sumter,Sumter County
Georgia,Talbot,Talbot County
Georgia,Taliaferro,Taliaferro County
Georgia,Tattnall,Tattnall County
Georgia,Taylor,Taylor County
Georgia,Telfair,Telfair County
Georgia,Terrell,Terrell County
Georgia,Thomas,Thomas County
Georgia,Tift,Tift County
Georgia,Toombs,Toombs County
Georgia,Towns,Towns County
Georgia,Treutlen,Treutlen County
Georgia,Troup,Troup County
Georgia,Turner,Turner County
Georgia,Twiggs,Twiggs County
Georgia,Union,Union County
Georgia,Upson,Upson County
Georgia,Walker,Walker County
Georgia,Walton,Walton County
Georgia,Ware,Ware County
Georgia,Warren,Warren County
Georgia,Washington,Washington County
Georgia,Wayne,Wayne County
Georgia,Webster,Webster County
Georgia,Wheeler,Wheeler County
Georgia,White,White County
Georgia,Whitfield,Whitfield County
Georgia,Wilcox,Wilcox County
Georgia,Wilkes,Wilkes County
Georgia,Wilkinson,Wilkinson County
Georgia,Worth,Worth County
Wisconsin,Adams,Adams County
West Virginia,Barbour,Barbour County
Washington,Adams,Adams County
Virginia,Accomack,Accomack County
Vermont,Addison,Addison County
Utah,Beaver,Beaver County
Wisconsin,Ashland,Ashland County
West Virginia,Berkeley,Berkeley County
Washington,Asotin,Asotin County
Virginia,Albemarle,Albemarle County
Texas,Anderson,Anderson County
Tennessee,Anderson,Anderson County
South Dakota,Beadle,Beadle County
South Carolina,Abbeville,Abbeville County
Rhode Island,Bristol,Bristol County
Vermont,Bennington,Bennington County
Utah,Box Elder,Box Elder County
Wisconsin,Barron,Barron County
West Virginia,Boone,Boone County
Washington,Benton,Benton County
Virginia,Alleghany,Alleghany County
Texas,Andrews,Andrews County
Tennessee,Bedford,Bedford County
South Dakota,Bon Homme,Bon Homme County
South Carolina,Aiken,Aiken County
Pennsylvania,Adams,Adams County
Rhode Island,Kent,Kent County
Oregon,Baker,Baker County
Oklahoma,Adair,Adair County
Vermont,Caledonia,Caledonia County
Utah,Cache,Cache County
Wisconsin,Bayfield,Bayfield County
West Virginia,Braxton,Braxton County
Washington,Chelan,Chelan County
Ohio,Adams,Adams County
North Dakota,Adams,Adams County
North Carolina,Alamance,Alamance County
New York,Albany,Albany County
Virginia,Amelia,Amelia County
New Mexico,Bernalillo,Bernalillo County
Texas,Angelina,Angelina County
Tennessee,Benton,Benton County
South Dakota,Brookings,Brookings County
South Carolina,Allendale,Allendale County
Pennsylvania,Allegheny,Allegheny County
Rhode Island,Newport,Newport County
Oregon,Benton,Benton County
Oklahoma,Alfalfa,Alfalfa County
Vermont,Chittenden,Chittenden County
Utah,Carbon,Carbon County
Wisconsin,Brown,Brown County
West Virginia,Brooke,Brooke County
Washington,Clallam,Clallam County
Ohio,Allen,Allen County
North Dakota,Barnes,Barnes County
North Carolina,Alexander,Alexander County
New York,Allegany,Allegany County
New Jersey,Atlantic,Atlantic County
New Hampshire,Belknap,Belknap County
Nevada,Churchill,Churchill County
Virginia,Amherst,Amherst County
New Mexico,Catron,Catron County
Texas,Aransas,Aransas County
Tennessee,Bledsoe,Bledsoe County
South Dakota,Brown,Brown County
South Carolina,Anderson,Anderson County
Pennsylvania,Armstrong,Armstrong County
Rhode Island,Providence,Providence County
Oregon,Clackamas,Clackamas County
Oklahoma,Atoka,Atoka County
Vermont,Essex,Essex County
Utah,Daggett,Daggett County
Wisconsin,Buffalo,Buffalo County
West Virginia,Cabell,Cabell County
Washington,Clark,Clark County
Nebraska,Adams,Adams County
Minnesota,Aitkin,Aitkin County
Ohio,Ashland,Ashland County
Michigan,Alcona,Alcona County
Massachusetts,Barnstable,Barnstable County
Maryland,Allegany,Allegany County
North Dakota,Benson,Benson County
North Carolina,Alleghany,Alleghany County
New York,Bronx,Bronx County
New Jersey,Bergen,Bergen County
New Hampshire,Carroll,Carroll County
Nevada,Clark,Clark County
Virginia,Appomattox,Appomattox County
New Mexico,Chaves,Chaves County
Texas,Archer,Archer County
Tennessee,Blount,Blount County
South Dakota,Brule,Brule County
South Carolina,Bamberg,Bamberg County
Pennsylvania,Beaver,Beaver County
Rhode Island,Washington,Washington County
Oregon,Clatsop,Clatsop County
Oklahoma,Beaver,Beaver County
Vermont,Franklin,Franklin County
Utah,Davis,Davis County
Wisconsin,Burnett,Burnett County
West Virginia,Calhoun,Calhoun County
Washington,Columbia,Columbia County
Nebraska,Antelope,Antelope County
Minnesota,Anoka,Anoka County
Ohio,Ashtabula,Ashtabula County
Michigan,Alger,Alger County
Massachusetts,Berkshire,Berkshire County
Maryland,Anne Arundel,Anne Arundel County
North Dakota,Billings,Billings County
North Carolina,Anson,Anson County
New York,Broome,Broome County
New Jersey,Burlington,Burlington County
New Hampshire,Cheshire,Cheshire County
Nevada,Douglas,Douglas County
Virginia,Arlington,Arlington County
New Mexico,Cibola,Cibola County
Texas,Armstrong,Armstrong County
Tennessee,Bradley,Bradley County
South Dakota,Butte,Butte County
South Carolina,Barnwell,Barnwell County
Pennsylvania,Bedford,Bedford County
Oregon,Columbia,Columbia County
Oklahoma,Beckham,Beckham County
Vermont,Grand Isle,Grand Isle County
Utah,Duchesne,Duchesne County
Wisconsin,Calumet,Calumet County
West Virginia,Clay,Clay County
Washington,Cowlitz,Cowlitz County
Nebraska,Boone,Boone County
Minnesota,Becker,Becker County
Ohio,Athens,Athens County
Michigan,Allegan,Allegan County
Massachusetts,Bristol,Bristol County
Maryland,Calvert,Calvert County
North Dakota,Bottineau,Bottineau County
North Carolina,Ashe,Ashe County
New York,Cattaraugus,Cattaraugus County
New Jersey,Camden,Camden County
New Hampshire,Coos,Coos County
Nevada,Elko,Elko County
Virginia,Augusta,Augusta County
New Mexico,Colfax,Colfax County
Texas,Atascosa,Atascosa County
Tennessee,Campbell,Campbell County
South Dakota,Charles Mix,Charles Mix County
South Carolina,Beaufort,Beaufort County
Pennsylvania,Berks,Berks County
Oregon,Coos,Coos County
Oklahoma,Blaine,Blaine County
Vermont,Lamoille,Lamoille County
Utah,Emery,Emery County
Wisconsin,Chippewa,Chippewa County
West Virginia,Doddridge,Doddridge County
Washington,Douglas,Douglas County
Nebraska,Box Butte,Box Butte County
Minnesota,Beltrami,Beltrami County
Ohio,Auglaize,Auglaize County
Michigan,Alpena,Alpena County
Massachusetts,Dukes,Dukes County
Maryland,Caroline,Caroline County
North Dakota,Bowman,Bowman County
North Carolina,Avery,Avery County
New York,Cayuga,Cayuga County
New Jersey,Cape May,Cape May County
New Hampshire,Grafton,Grafton County
Nevada,Eureka,Eureka County
Virginia,Bath,Bath County
New Mexico,Curry,Curry County
Texas,Austin,Austin County
Tennessee,Cannon,Cannon County
South Dakota,Clark,Clark County
South Carolina,Berkeley,Berkeley County
Pennsylvania,Blair,Blair County
Oregon,Crook,Crook County
Oklahoma,Bryan,Bryan County
Vermont,Orange,Orange County
Utah,Garfield,Garfield County
Wisconsin,Clark,Clark County
West Virginia,Fayette,Fayette County
Washington,Ferry,Ferry County
Nebraska,Brown,Brown County
Minnesota,Benton,Benton County
Ohio,Belmont,Belmont County
Michigan,Antrim,Antrim County
Massachusetts,Essex,Essex County
Maryland,Carroll,Carroll County
North Dakota,Burke,Burke County
North Carolina,Beaufort,Beaufort County
New York,Chautauqua,Chautauqua County
New Jersey,Cumberland,Cumberland County
New Hampshire,Hills,Hills County
Nevada,Humboldt,Humboldt County
Virginia,Bedford,Bedford County
New Mexico,De Baca,De Baca County
Texas,Bailey,Bailey County
Tennessee,Carroll,Carroll County
South Dakota,Clay,Clay County
Pennsylvania,Bradford,Bradford County
Oregon,Curry,Curry County
Oklahoma,Caddo,Caddo County
Vermont,Orleans,Orleans County
Utah,Grand,Grand County
Wisconsin,Columbia,Columbia County
West Virginia,Gilmer,Gilmer County
Washington,Franklin,Franklin County
Nebraska,Buffalo,Buffalo County
Minnesota,Big Stone,Big Stone County
Ohio,Brown,Brown County
Michigan,Arenac,Arenac County
Massachusetts,Franklin,Franklin County
Maryland,Cecil,Cecil County
North Dakota,Burleigh,Burleigh County
North Carolina,Bertie,Bertie County
New York,Chemung,Chemung County
New Jersey,Essex,Essex County
New Hampshire,Merrimack,Merrimack County
Nevada,Lander,Lander County
Virginia,Bland,Bland County
New Mexico,Dona Ana,Dona Ana County
Texas,Bandera,Bandera County
Tennessee,Carter,Carter County
South Dakota,Codington,Codington County
South Carolina,Calhoun,Calhoun County
Oregon,Deschutes,Deschutes County
Oklahoma,Canadian,Canadian County
Vermont,Rutland,Rutland County
Utah,Iron,Iron County
Wisconsin,Crawford,Crawford County
West Virginia,Grant,Grant County
Washington,Garfield,Garfield County
Nebraska,Burt,Burt County
Minnesota,Blue Earth,Blue Earth County
Ohio,Butler,Butler County
Michigan,Baraga,Baraga County
Massachusetts,Hampden,Hampden County
Maryland,Charles,Charles County
North Dakota,Cass,Cass County
North Carolina,Bladen,Bladen County
New York,Chenango,Chenango County
New Jersey,Gloucester,Gloucester County
New Hampshire,Rockingham,Rockingham County
Nevada,Lincoln,Lincoln County
Virginia,Botetourt,Botetourt County
New Mexico,Eddy,Eddy County
Texas,Bastrop,Bastrop County
Tennessee,Cheatham,Cheatham County
South Dakota,Custer,Custer County
South Carolina,Charleston,Charleston County
Pennsylvania,Bucks,Bucks County
Oregon,Douglas,Douglas County
Oklahoma,Carter,Carter County
Vermont,Washington,Washington County
Utah,Juab,Juab County
Wisconsin,Dane,Dane County
West Virginia,Greenbrier,Greenbrier County
Washington,Grant,Grant County
Nebraska,Butler,Butler County
Minnesota,Brown,Brown County
Ohio,Carroll,Carroll County
Michigan,Barry,Barry County
Massachusetts,Hampshire,Hampshire County
Maryland,Dorchester,Dorchester County
North Dakota,Cavalier,Cavalier County
North Carolina,Brunswick,Brunswick County
New York,Clinton,Clinton County
New Jersey,Hudson,Hudson County
New Hampshire,Strafford,Strafford County
Nevada,Lyon,Lyon County
Virginia,Brunswick,Brunswick County
New Mexico,Grant,Grant County
Texas,Baylor,Baylor County
Tennessee,Chester,Chester County
South Dakota,Davison,Davison County
South Carolina,Cherokee,Cherokee County
Pennsylvania,Butler,Butler County
Oregon,Gilliam,Gilliam County
Oklahoma,Cherokee,Cherokee County
Vermont,Windham,Windham County
Utah,Kane,Kane County
Wisconsin,Dodge,Dodge County
West Virginia,Hampshire,Hampshire County
Washington,Grays Harbor,Grays Harbor County
Nebraska,Cass,Cass County
Minnesota,Carlton,Carlton County
Ohio,Champaign,Champaign County
Michigan,Bay,Bay County
Massachusetts,Middlesex,Middlesex County
Maryland,Frederick,Frederick County
North Dakota,Dickey,Dickey County
North Carolina,Buncombe,Buncombe County
New York,Columbia,Columbia County
New Jersey,Hunterdon,Hunterdon County
New Hampshire,Sullivan,Sullivan County
Nevada,Mineral,Mineral County
Virginia,Buchanan,Buchanan County
New Mexico,Guadalupe,Guadalupe County
Texas,Bee,Bee County
Tennessee,Claiborne,Claiborne County
South Dakota,Day,Day County
South Carolina,Chester,Chester County
Pennsylvania,Cambria,Cambria County
Oregon,Grant,Grant County
Oklahoma,Choctaw,Choctaw County
Vermont,Windsor,Windsor County
Utah,Millard,Millard County
Wisconsin,Door,Door County
West Virginia,Hancock,Hancock County
Washington,Island,Island County
Nebraska,Cedar,Cedar County
Minnesota,Carver,Carver County
Ohio,Clark,Clark County
Michigan,Benzie,Benzie County
Massachusetts,Nantucket,Nantucket County
Maryland,Garrett,Garrett County
North Dakota,Divide,Divide County
North Carolina,Burke,Burke County
New York,Cortland,Cortland County
New Jersey,Mercer,Mercer County
Nevada,Nye,Nye County
Virginia,Buckingham,Buckingham County
New Mexico,Hidalgo,Hidalgo County
Texas,Bell,Bell County
Tennessee,Clay,Clay County
South Dakota,Deuel,Deuel County
South Carolina,Chesterfield,Chesterfield County
Pennsylvania,Cameron,Cameron County
Oregon,Harney,Harney County
Oklahoma,Cleveland,Cleveland County
Utah,Morgan,Morgan County
Wisconsin,Douglas,Douglas County
West Virginia,Hardy,Hardy County
Washington,Jefferson,Jefferson County
Nebraska,Chase,Chase County
Minnesota,Cass,Cass County
Ohio,Clermont,Clermont County
Michigan,Berrien,Berrien County
Massachusetts,Norfolk,Norfolk County
Maryland,Harford,Harford County
North Dakota,Dunn,Dunn County
North Carolina,Cabarrus,Cabarrus County
New York,Delaware,Delaware County
New Jersey,Middlesex,Middlesex County
Nevada,Pershing,Pershing County
Virginia,Campbell,Campbell County
New Mexico,Lea,Lea County
Texas,Bexar,Bexar County
Tennessee,Cocke,Cocke County
South Dakota,Douglas,Douglas County
South Carolina,Clarendon,Clarendon County
Pennsylvania,Carbon,Carbon County
Oregon,Hood River,Hood River County
Oklahoma,Coal,Coal County
Utah,Piute,Piute County
Wisconsin,Dunn,Dunn County
West Virginia,Harrison,Harrison County
Washington,King,King County
Nebraska,Cherry,Cherry County
Minnesota,Chippewa,Chippewa County
Ohio,Clinton,Clinton County
Michigan,Branch,Branch County
Massachusetts,Plymouth,Plymouth County
Maryland,Howard,Howard County
North Dakota,Eddy,Eddy County
North Carolina,Caldwell,Caldwell County
New York,Dutchess,Dutchess County
New Jersey,Monmouth,Monmouth County
Nevada,Storey,Storey County
Virginia,Caroline,Caroline County
New Mexico,Lincoln,Lincoln County
Texas,Blanco,Blanco County
Tennessee,Coffee,Coffee County
South Dakota,Edmunds,Edmunds County
South Carolina,Colleton,Colleton County
Pennsylvania,Centre,Centre County
Oregon,Jackson,Jackson County
Oklahoma,Comanche,Comanche County
Utah,Rich,Rich County
Wisconsin,Eau Claire,Eau Claire County
West Virginia,Jackson,Jackson County
Washington,Kitsap,Kitsap County
Nebraska,Cheyenne,Cheyenne County
Minnesota,Chisago,Chisago County
Ohio,Columbiana,Columbiana County
Michigan,Calhoun,Calhoun County
Massachusetts,Suffolk,Suffolk County
Maryland,Kent,Kent County
North Dakota,Emmons,Emmons County
North Carolina,Camden,Camden County
New York,Erie,Erie County
New Jersey,Morris,Morris County
Nevada,Washoe,Washoe County
Virginia,Carroll,Carroll County
New Mexico,Los Alamos,Los Alamos County
Texas,Bosque,Bosque County
Tennessee,Crockett,Crockett County
South Dakota,Fall River,Fall River County
South Carolina,Darlington,Darlington County
Pennsylvania,Chester,Chester County
Oregon,Jefferson,Jefferson County
Oklahoma,Cotton,Cotton County
Utah,Salt Lake,Salt Lake County
Wisconsin,Florence,Florence County
West Virginia,Jefferson,Jefferson County
Washington,Kittitas,Kittitas County
Nebraska,Clay,Clay County
Minnesota,Clay,Clay County
Ohio,Coshocton,Coshocton County
Michigan,Cass,Cass County
Massachusetts,Worcester,Worcester County
Maryland,Montgomery,Montgomery County
North Dakota,Foster,Foster County
North Carolina,Carteret,Carteret County
New York,Essex,Essex County
New Jersey,Ocean,Ocean County
Nevada,White Pine,White Pine County
Virginia,Charlotte,Charlotte County
New Mexico,Luna,Luna County
Texas,Bowie,Bowie County
Tennessee,Cumberland,Cumberland County
South Dakota,Grant,Grant County
South Carolina,Dillon,Dillon County
Pennsylvania,Clarion,Clarion County
Oregon,Josephine,Josephine County
Oklahoma,Craig,Craig County
Utah,San Juan,San Juan County
Wisconsin,Fond du Lac,Fond du Lac County
West Virginia,Kanawha,Kanawha County
Washington,Klickitat,Klickitat County
Nebraska,Colfax,Colfax County
Minnesota,Clearwater,Clearwater County
Ohio,Crawford,Crawford County
Michigan,Charlevoix,Charlevoix County
Maryland,Prince George's,Prince George's County
North Dakota,Golden Valley,Golden Valley County
North Carolina,Caswell,Caswell County
New York,Franklin,Franklin County
New Jersey,Passaic,Passaic County
Virginia,Chesterfield,Chesterfield County
New Mexico,McKinley,McKinley County
Texas,Brazoria,Brazoria County
Tennessee,Davidson,Davidson County
South Dakota,Gregory,Gregory County
South Carolina,Dorchester,Dorchester County
Pennsylvania,Clearfield,Clearfield County
Oregon,Klamath,Klamath County
Oklahoma,Creek,Creek County
Utah,Sanpete,Sanpete County
Wisconsin,Forest,Forest County
West Virginia,Lewis,Lewis County
Washington,Lewis,Lewis County
Nebraska,Cuming,Cuming County
Minnesota,Cook,Cook County
Ohio,Cuyahoga,Cuyahoga County
Michigan,Cheboygan,Cheboygan County
Maryland,Queen Anne's,Queen Anne's County
North Dakota,Grand Forks,Grand Forks County
North Carolina,Catawba,Catawba County
New York,Fulton,Fulton County
New Jersey,Salem,Salem County
Virginia,Clarke,Clarke County
New Mexico,Mora,Mora County
Texas,Brazos,Brazos County
Tennessee,Decatur,Decatur County
South Dakota,Haakon,Haakon County
South Carolina,Edgefield,Edgefield County
Pennsylvania,Clinton,Clinton County
Oregon,Lake,Lake County
Oklahoma,Custer,Custer County
Utah,Sevier,Sevier County
Wisconsin,Grant,Grant County
West Virginia,Lincoln,Lincoln County
Washington,Lincoln,Lincoln County
Nebraska,Custer,Custer County
Minnesota,Cottonwood,Cottonwood County
Ohio,Darke,Darke County
Michigan,Chippewa,Chippewa County
Maryland,Saint Mary's,Saint Mary's County
North Dakota,Grant,Grant County
North Carolina,Chatham,Chatham County
New York,Genesee,Genesee County
New Jersey,Somerset,Somerset County
Virginia,Craig,Craig County
New Mexico,Otero,Otero County
Texas,Brewster,Brewster County
Tennessee,DeKalb,DeKalb County
South Dakota,Hamlin,Hamlin County
South Carolina,Fairfield,Fairfield County
Pennsylvania,Columbia,Columbia County
Oregon,Lane,Lane County
Oklahoma,Delaware,Delaware County
Utah,Summit,Summit County
Wisconsin,Green,Green County
West Virginia,Logan,Logan County
Washington,Mason,Mason County
Nebraska,Dakota,Dakota County
Minnesota,Crow Wing,Crow Wing County
Ohio,Defiance,Defiance County
Michigan,Clare,Clare County
Maryland,Somerset,Somerset County
North Dakota,Griggs,Griggs County
North Carolina,Cherokee,Cherokee County
New York,Greene,Greene County
New Jersey,Sussex,Sussex County
Virginia,Culpeper,Culpeper County
New Mexico,Quay,Quay County
Texas,Briscoe,Briscoe County
Tennessee,Dickson,Dickson County
South Dakota,Hand,Hand County
South Carolina,Florence,Florence County
Pennsylvania,Crawford,Crawford County
Oregon,Lincoln,Lincoln County
Oklahoma,Dewey,Dewey County
Utah,Tooele,Tooele County
Wisconsin,Green Lake,Green Lake County
West Virginia,McDowell,McDowell County
Washington,Okanogan,Okanogan County
Nebraska,Dawes,Dawes County
Minnesota,Dakota,Dakota County
Ohio,Delaware,Delaware County
Michigan,Clinton,Clinton County
Maryland,Talbot,Talbot County
North Dakota,Hettinger,Hettinger County
North Carolina,Chowan,Chowan County
New York,Hamilton,Hamilton County
New Jersey,Union,Union County
Virginia,Cumberland,Cumberland County
New Mexico,Rio Arriba,Rio Arriba County
Texas,Brooks,Brooks County
Tennessee,Dyer,Dyer County
South Dakota,Harding,Harding County
South Carolina,Georgetown,Georgetown County
Pennsylvania,Cumberland,Cumberland County
Oregon,Linn,Linn County
Oklahoma,Ellis,Ellis County
Utah,Uintah,Uintah County
Wisconsin,Iowa,Iowa County
West Virginia,Marion,Marion County
Washington,Pacific,Pacific County
Nebraska,Dawson,Dawson County
Minnesota,Dodge,Dodge County
Ohio,Erie,Erie County
Michigan,Crawford,Crawford County
Maryland,Washington,Washington County
North Dakota,Kidder,Kidder County
North Carolina,Clay,Clay County
New York,Herkimer,Herkimer County
New Jersey,Warren,Warren County
Virginia,Dickenson,Dickenson County
New Mexico,Roosevelt,Roosevelt County
Texas,Brown,Brown County
Tennessee,Fayette,Fayette County
South Dakota,Hughes,Hughes County
South Carolina,Greenville,Greenville County
Pennsylvania,Dauphin,Dauphin County
Oregon,Malheur,Malheur County
Oklahoma,Garfield,Garfield County
Utah,Utah,Utah County
Wisconsin,Iron,Iron County
West Virginia,Marshall,Marshall County
Washington,Pend Oreille,Pend Oreille County
Nebraska,Deuel,Deuel County
Minnesota,Douglas,Douglas County
Ohio,Fairfield,Fairfield County
Michigan,Delta,Delta County
Maryland,Wicomico,Wicomico County
North Dakota,LaMoure,LaMoure County
North Carolina,Cleveland,Cleveland County
New York,Jefferson,Jefferson County
Virginia,Dinwiddie,Dinwiddie County
New Mexico,Sandoval,Sandoval County
Texas,Burleson,Burleson County
Tennessee,Fentress,Fentress County
South Dakota,Hutchinson,Hutchinson County
South Carolina,Greenwood,Greenwood County
Pennsylvania,Delaware,Delaware County
Oregon,Marion,Marion County
Oklahoma,Garvin,Garvin County
Utah,Wasatch,Wasatch County
Wisconsin,Jackson,Jackson County
West Virginia,Mason,Mason County
Washington,Pierce,Pierce County
Nebraska,Dixon,Dixon County
Minnesota,Faribault,Faribault County
Ohio,Fayette,Fayette County
Michigan,Dickinson,Dickinson County
Maryland,Worcester,Worcester County
North Dakota,Logan,Logan County
North Carolina,Columbus,Columbus County
New York,Kings,Kings County
Virginia,Essex,Essex County
New Mexico,San Juan,San Juan County
Texas,Burnet,Burnet County
Tennessee,Franklin,Franklin County
South Dakota,Jackson,Jackson County
South Carolina,Hampton,Hampton County
Pennsylvania,Elk,Elk County
Oregon,Morrow,Morrow County
Oklahoma,Grady,Grady County
Utah,Washington,Washington County
Wisconsin,Jefferson,Jefferson County
West Virginia,Mercer,Mercer County
Washington,San Juan,San Juan County
Nebraska,Dodge,Dodge County
Minnesota,Fillmore,Fillmore County
Ohio,Franklin,Franklin County
Michigan,Eaton,Eaton County
North Dakota,McHenry,McHenry County
North Carolina,Craven,Craven County
New York,Lewis,Lewis County
Virginia,Fairfax,Fairfax County
New Mexico,San Miguel,San Miguel County
Texas,Caldwell,Caldwell County
Tennessee,Gibson,Gibson County
South Dakota,Jerauld,Jerauld County
South Carolina,Horry,Horry County
Pennsylvania,Erie,Erie County
Oregon,Multnomah,Multnomah County
Oklahoma,Grant,Grant County
Utah,Wayne,Wayne County
Wisconsin,Juneau,Juneau County
West Virginia,Mineral,Mineral County
Washington,Skagit,Skagit County
Nebraska,Douglas,Douglas County
Minnesota,Freeborn,Freeborn County
Ohio,Fulton,Fulton County
Michigan,Emmet,Emmet County
North Dakota,McIntosh,McIntosh County
North Carolina,Cumberland,Cumberland County
New York,Livingston,Livingston County
Virginia,Fauquier,Fauquier County
New Mexico,Santa Fe,Santa Fe County
Texas,Calhoun,Calhoun County
Tennessee,Giles,Giles County
South Dakota,Jones,Jones County
South Carolina,Jasper,Jasper County
Pennsylvania,Fayette,Fayette County
Oregon,Polk,Polk County
Oklahoma,Greer,Greer County
Utah,Weber,Weber County
Wisconsin,Kenosha,Kenosha County
West Virginia,Mingo,Mingo County
Washington,Skamania,Skamania County
Nebraska,Dundy,Dundy County
Minnesota,Goodhue,Goodhue County
Ohio,Gallia,Gallia County
Michigan,Genesee,Genesee County
North Dakota,McKenzie,McKenzie County
North Carolina,Currituck,Currituck County
New York,Madison,Madison County
Virginia,Floyd,Floyd County
New Mexico,Sierra,Sierra County
Texas,Callahan,Callahan County
Tennessee,Grainger,Grainger County
South Dakota,Kingsbury,Kingsbury County
South Carolina,Kershaw,Kershaw County
Pennsylvania,Forest,Forest County
Oregon,Sherman,Sherman County
Oklahoma,Harper,Harper County
Wisconsin,Kewaunee,Kewaunee County
West Virginia,Monongalia,Monongalia County
Washington,Snohomish,Snohomish County
Nebraska,Fillmore,Fillmore County
Minnesota,Grant,Grant County
Ohio,Geauga,Geauga County
Michigan,Gladwin,Gladwin County
North Dakota,McLean,McLean County
North Carolina,Dare,Dare County
New York,Monroe,Monroe County
Virginia,Fluvanna,Fluvanna County
New Mexico,Socorro,Socorro County
Texas,Cameron,Cameron County
Tennessee,Greene,Greene County
South Dakota,Lake,Lake County
South Carolina,Lancaster,Lancaster County
Pennsylvania,Franklin,Franklin County
Oregon,Tillamook,Tillamook County
Oklahoma,Haskell,Haskell County
Wisconsin,La Crosse,La Crosse County
West Virginia,Monroe,Monroe County
Washington,Spokane,Spokane County
Nebraska,Franklin,Franklin County
Minnesota,Hennepin,Hennepin County
Ohio,Greene,Greene County
Michigan,Gogebic,Gogebic County
North Dakota,Mercer,Mercer County
North Carolina,Davidson,Davidson County
New York,Montgomery,Montgomery County
Virginia,Frederick,Frederick County
New Mexico,Taos,Taos County
Texas,Camp,Camp County
Tennessee,Grundy,Grundy County
South Dakota,Lawrence,Lawrence County
South Carolina,Laurens,Laurens County
Pennsylvania,Fulton,Fulton County
Oregon,Umatilla,Umatilla County
Oklahoma,Hughes,Hughes County
Wisconsin,Lafayette,Lafayette County
West Virginia,Morgan,Morgan County
Washington,Stevens,Stevens County
Nebraska,Frontier,Frontier County
Minnesota,Houston,Houston County
Ohio,Guernsey,Guernsey County
Michigan,Grand Traverse,Grand Traverse County
North Dakota,Morton,Morton County
North Carolina,Davie,Davie County
New York,Nassau,Nassau County
Virginia,Giles,Giles County
New Mexico,Torrance,Torrance County
Texas,Carson,Carson County
Tennessee,Hamblen,Hamblen County
South Dakota,Lincoln,Lincoln County
South Carolina,Lee,Lee County
Pennsylvania,Greene,Greene County
Oregon,Union,Union County
Oklahoma,Jackson,Jackson County
Wisconsin,Langlade,Langlade County
West Virginia,Nicholas,Nicholas County
Washington,Thurston,Thurston County
Nebraska,Furnas,Furnas County
Minnesota,Hubbard,Hubbard County
Ohio,Hamilton,Hamilton County
Michigan,Gratiot,Gratiot County
North Dakota,Mountrail,Mountrail County
North Carolina,Duplin,Duplin County
New York,New York,New York County
Virginia,Gloucester,Gloucester County
New Mexico,Union,Union County
Texas,Cass,Cass County
Tennessee,Hamilton,Hamilton County
South Dakota,Lyman,Lyman County
South Carolina,Lexington,Lexington County
Pennsylvania,Huntingdon,Huntingdon County
Oregon,Wallowa,Wallowa County
Oklahoma,Jefferson,Jefferson County
Wisconsin,Lincoln,Lincoln County
West Virginia,Ohio,Ohio County
Washington,Wahkiakum,Wahkiakum County
Nebraska,Gage,Gage County
Minnesota,Isanti,Isanti County
Ohio,Hancock,Hancock County
Michigan,Hillsdale,Hillsdale County
North Dakota,Nelson,Nelson County
North Carolina,Durham,Durham County
New York,Niagara,Niagara County
Virginia,Goochland,Goochland County
New Mexico,Valencia,Valencia County
Texas,Castro,Castro County
Tennessee,Hancock,Hancock County
South Dakota,McCook,McCook County
South Carolina,McCormick,McCormick County
Pennsylvania,Indiana,Indiana County
Oregon,Wasco,Wasco County
Oklahoma,Johnston,Johnston County
Wisconsin,Manitowoc,Manitowoc County
West Virginia,Pendleton,Pendleton County
Washington,Walla Walla,Walla Walla County
Nebraska,Garden,Garden County
Minnesota,Itasca,Itasca County
Ohio,Hardin,Hardin County
Michigan,Houghton,Houghton County
North Dakota,Oliver,Oliver County
North Carolina,Edgecombe,Edgecombe County
New York,Oneida,Oneida County
Virginia,Grayson,Grayson County
Texas,Chambers,Chambers County
Tennessee,Hardeman,Hardeman County
South Dakota,McPherson,McPherson County
South Carolina,Marion,Marion County
Pennsylvania,Jefferson,Jefferson County
Oregon,Washington,Washington County
Oklahoma,Kay,Kay County
Wisconsin,Marathon,Marathon County
West Virginia,Pleasants,Pleasants County
Washington,Whatcom,Whatcom County
Nebraska,Gosper,Gosper County
Minnesota,Jackson,Jackson County
Ohio,Harrison,Harrison County
Michigan,Huron,Huron County
North Dakota,Pembina,Pembina County
North Carolina,Forsyth,Forsyth County
New York,Onondaga,Onondaga County
Virginia,Greene,Greene County
Texas,Cherokee,Cherokee County
Tennessee,Hardin,Hardin County
South Dakota,Marshall,Marshall County
South Carolina,Marlboro,Marlboro County
Pennsylvania,Juniata,Juniata County
Oregon,Wheeler,Wheeler County
Oklahoma,Kingfisher,Kingfisher County
Wisconsin,Marinette,Marinette County
West Virginia,Pocahontas,Pocahontas County
Washington,Whitman,Whitman County
Nebraska,Greeley,Greeley County
Minnesota,Kanabec,Kanabec County
Ohio,Henry,Henry County
Michigan,Ingham,Ingham County
North Dakota,Pierce,Pierce County
North Carolina,Franklin,Franklin County
New York,Ontario,Ontario County
Virginia,Greensville,Greensville County
Texas,Childress,Childress County
Tennessee,Hawkins,Hawkins County
South Dakota,Meade,Meade County
South Carolina,Newberry,Newberry County
Pennsylvania,Lackawanna,Lackawanna County
Oregon,Yamhill,Yamhill County
Oklahoma,Kiowa,Kiowa County
Wisconsin,Marquette,Marquette County
West Virginia,Preston,Preston County
Washington,Yakima,Yakima County
Nebraska,Hall,Hall County
Minnesota,Kandiyohi,Kandiyohi County
Ohio,Highland,Highland County
Michigan,Ionia,Ionia County
North Dakota,Ramsey,Ramsey County
North Carolina,Gaston,Gaston County
New York,Orange,Orange County
Virginia,Halifax,Halifax County
Texas,Clay,Clay County
Tennessee,Haywood,Haywood County
South Dakota,Miner,Miner County
South Carolina,Oconee,Oconee County
Pennsylvania,Lancaster,Lancaster County
Oklahoma,Latimer,Latimer County
Wisconsin,Menominee,Menominee County
West Virginia,Putnam,Putnam County
Nebraska,Hamilton,Hamilton County
Minnesota,Kittson,Kittson County
Ohio,Hocking,Hocking County
Michigan,Iosco,Iosco County
North Dakota,Ransom,Ransom County
North Carolina,Gates,Gates County
New York,Orleans,Orleans County
Virginia,Hanover,Hanover County
Texas,Cochran,Cochran County
Tennessee,Henderson,Henderson County
South Dakota,Minnehaha,Minnehaha County
South Carolina,Orangeburg,Orangeburg County
Pennsylvania,Lawrence,Lawrence County
Oklahoma,Le Flore,Le Flore County
Wisconsin,Milwaukee,Milwaukee County
West Virginia,Raleigh,Raleigh County
Nebraska,Harlan,Harlan County
Minnesota,Koochiching,Koochiching County
Ohio,Holmes,Holmes County
Michigan,Iron,Iron County
North Dakota,Renville,Renville County
North Carolina,Graham,Graham County
New York,Oswego,Oswego County
Virginia,Henrico,Henrico County
Texas,Coke,Coke County
Tennessee,Henry,Henry County
South Dakota,Moody,Moody County
South Carolina,Pickens,Pickens County
Pennsylvania,Lebanon,Lebanon County
Oklahoma,Lincoln,Lincoln County
Wisconsin,Monroe,Monroe County
West Virginia,Randolph,Randolph County
Nebraska,Hayes,Hayes County
Minnesota,Lac qui Parle,Lac qui Parle County
Ohio,Huron,Huron County
Michigan,Isabella,Isabella County
North Dakota,Richland,Richland County
North Carolina,Granville,Granville County
New York,Otsego,Otsego County
Virginia,Henry,Henry County
Texas,Coleman,Coleman County
Tennessee,Hickman,Hickman County
South Dakota,Pennington,Pennington County
South Carolina,Richland,Richland County
Pennsylvania,Lehigh,Lehigh County
Oklahoma,Logan,Logan County
Wisconsin,Oconto,Oconto County
West Virginia,Ritchie,Ritchie County
Nebraska,Hitchcock,Hitchcock County
Minnesota,Lake,Lake County
Ohio,Jackson,Jackson County
Michigan,Jackson,Jackson County
North Dakota,Rolette,Rolette County
North Carolina,Greene,Greene County
New York,Putnam,Putnam County
Virginia,Highland,Highland County
Texas,Collin,Collin County
Tennessee,Houston,Houston County
South Dakota,Perkins,Perkins County
South Carolina,Saluda,Saluda County
Pennsylvania,Luzerne,Luzerne County
Oklahoma,Love,Love County
Wisconsin,Oneida,Oneida County
West Virginia,Roane,Roane County
Nebraska,Holt,Holt County
Minnesota,Lake of the Woods,Lake of the Woods County
Ohio,Jefferson,Jefferson County
Michigan,Kalamazoo,Kalamazoo County
North Dakota,Sargent,Sargent County
North Carolina,Guilford,Guilford County
New York,Queens,Queens County
Virginia,Isle of Wight,Isle of Wight County
Texas,Collingsworth,Collingsworth County
Tennessee,Humphreys,Humphreys County
South Dakota,Potter,Potter County
South Carolina,Spartanburg,Spartanburg County
Pennsylvania,Lycoming,Lycoming County
Oklahoma,McClain,McClain County
Wisconsin,Outagamie,Outagamie County
West Virginia,Summers,Summers County
Nebraska,Howard,Howard County
Minnesota,Le Sueur,Le Sueur County
Ohio,Knox,Knox County
Michigan,Kalkaska,Kalkaska County
North Dakota,Sheridan,Sheridan County
North Carolina,Halifax,Halifax County
New York,Rensselaer,Rensselaer County
Virginia,King and Queen,King and Queen County
Texas,Colorado,Colorado County
Tennessee,Jackson,Jackson County
South Dakota,Roberts,Roberts County
South Carolina,Sumter,Sumter County
Pennsylvania,McKean,McKean County
Oklahoma,McCurtain,McCurtain County
Wisconsin,Ozaukee,Ozaukee County
West Virginia,Taylor,Taylor County
Nebraska,Jefferson,Jefferson County
Minnesota,Lincoln,Lincoln County
Ohio,Lake,Lake County
Michigan,Kent,Kent County
North Dakota,Slope,Slope County
North Carolina,Harnett,Harnett County
New York,Richmond,Richmond County
Virginia,King George,King George County
Texas,Comal,Comal County
Tennessee,Jefferson,Jefferson County
South Dakota,Sanborn,Sanborn County
South Carolina,Union,Union County
Pennsylvania,Mercer,Mercer County
Oklahoma,McIntosh,McIntosh County
Wisconsin,Pepin,Pepin County
West Virginia,Tucker,Tucker County
Nebraska,Johnson,Johnson County
Minnesota,Lyon,Lyon County
Ohio,Lawrence,Lawrence County
Michigan,Keweenaw,Keweenaw County
North Dakota,Stark,Stark County
North Carolina,Haywood,Haywood County
New York,Rockland,Rockland County
Virginia,King William,King William County
Texas,Comanche,Comanche County
Tennessee,Johnson,Johnson County
South Dakota,Spink,Spink County
South Carolina,Williamsburg,Williamsburg County
Pennsylvania,Mifflin,Mifflin County
Oklahoma,Major,Major County
Wisconsin,Pierce,Pierce County
West Virginia,Tyler,Tyler County
Nebraska,Kearney,Kearney County
Minnesota,McLeod,McLeod County
Ohio,Licking,Licking County
Michigan,Lake,Lake County
North Dakota,Steele,Steele County
North Carolina,Henderson,Henderson County
New York,Saint Lawrence,Saint Lawrence County
Virginia,Lancaster,Lancaster County
Texas,Concho,Concho County
Tennessee,Knox,Knox County
South Dakota,Stanley,Stanley County
South Carolina,York,York County
Pennsylvania,Monroe,Monroe County
Oklahoma,Marshall,Marshall County
Wisconsin,Polk,Polk County
West Virginia,Upshur,Upshur County
Nebraska,Keith,Keith County
Minnesota,Mahnomen,Mahnomen County
Ohio,Logan,Logan County
Michigan,Lapeer,Lapeer County
North Dakota,Stutsman,Stutsman County
North Carolina,Hertford,Hertford County
New York,Saratoga,Saratoga County
Virginia,Lee,Lee County
Texas,Cooke,Cooke County
Tennessee,Lake,Lake County
South Dakota,Sully,Sully County
Pennsylvania,Montgomery,Montgomery County
Oklahoma,Mayes,Mayes County
Wisconsin,Portage,Portage County
West Virginia,Wayne,Wayne County
Nebraska,Keya Paha,Keya Paha County
Minnesota,Marshall,Marshall County
Ohio,Lorain,Lorain County
Michigan,Leelanau,Leelanau County
North Dakota,Towner,Towner County
North Carolina,Hoke,Hoke County
New York,Schenectady,Schenectady County
Virginia,Loudoun,Loudoun County
Texas,Coryell,Coryell County
Tennessee,Lauderdale,Lauderdale County
South Dakota,Tripp,Tripp County
Pennsylvania,Montour,Montour County
Oklahoma,Murray,Murray County
Wisconsin,Price,Price County
West Virginia,Webster,Webster County
Nebraska,Kimball,Kimball County
Minnesota,Martin,Martin County
Ohio,Lucas,Lucas County
Michigan,Lenawee,Lenawee County
North Dakota,Traill,Traill County
North Carolina,Hyde,Hyde County
New York,Schoharie,Schoharie County
Virginia,Louisa,Louisa County
Texas,Cottle,Cottle County
Tennessee,Lawrence,Lawrence County
South Dakota,Turner,Turner County
Pennsylvania,Northampton,Northampton County
Oklahoma,Muskogee,Muskogee County
Wisconsin,Racine,Racine County
West Virginia,Wetzel,Wetzel County
Nebraska,Knox,Knox County
Minnesota,Meeker,Meeker County
Ohio,Madison,Madison County
Michigan,Livingston,Livingston County
North Dakota,Walsh,Walsh County
North Carolina,Iredell,Iredell County
New York,Schuyler,Schuyler County
Virginia,Lunenburg,Lunenburg County
Texas,Crane,Crane County
Tennessee,Lewis,Lewis County
South Dakota,Union,Union County
Pennsylvania,Northumberland,Northumberland County
Oklahoma,Noble,Noble County
Wisconsin,Richland,Richland County
West Virginia,Wirt,Wirt County
Nebraska,Lancaster,Lancaster County
Minnesota,Mille Lacs,Mille Lacs County
Ohio,Mahoning,Mahoning County
Michigan,Luce,Luce County
North Dakota,Ward,Ward County
North Carolina,Jackson,Jackson County
New York,Seneca,Seneca County
Virginia,Madison,Madison County
Texas,Crockett,Crockett County
Tennessee,Lincoln,Lincoln County
South Dakota,Walworth,Walworth County
Pennsylvania,Perry,Perry County
Oklahoma,Nowata,Nowata County
Wisconsin,Rock,Rock County
West Virginia,Wood,Wood County
Nebraska,Lincoln,Lincoln County
Minnesota,Morrison,Morrison County
Ohio,Marion,Marion County
Michigan,Mackinac,Mackinac County
North Dakota,Wells,Wells County
North Carolina,Johnston,Johnston County
New York,Steuben,Steuben County
Virginia,Mathews,Mathews County
Texas,Crosby,Crosby County
Tennessee,Loudon,Loudon County
South Dakota,Yankton,Yankton County
Pennsylvania,Philadelphia,Philadelphia County
Oklahoma,Okfuskee,Okfuskee County
Wisconsin,Rusk,Rusk County
West Virginia,Wyoming,Wyoming County
Nebraska,Logan,Logan County
Minnesota,Mower,Mower County
Ohio,Medina,Medina County
Michigan,Macomb,Macomb County
North Dakota,Williams,Williams County
North Carolina,Jones,Jones County
New York,Suffolk,Suffolk County
Virginia,Mecklenburg,Mecklenburg County
Texas,Culberson,Culberson County
Tennessee,McMinn,McMinn County
Pennsylvania,Pike,Pike County
Oklahoma,Oklahoma,Oklahoma County
Wisconsin,Saint Croix,Saint Croix County
Nebraska,Madison,Madison County
Minnesota,Murray,Murray County
Ohio,Meigs,Meigs County
Michigan,Manistee,Manistee County
North Carolina,Lee,Lee County
New York,Sullivan,Sullivan County
Virginia,Middlesex,Middlesex County
Texas,Dallam,Dallam County
Tennessee,McNairy,McNairy County
Pennsylvania,Potter,Potter County
Oklahoma,Okmulgee,Okmulgee County
Wisconsin,Sauk,Sauk County
Nebraska,Merrick,Merrick County
Minnesota,Nicollet,Nicollet County
Ohio,Mercer,Mercer County
Michigan,Marquette,Marquette County
North Carolina,Lenoir,Lenoir County
New York,Tioga,Tioga County
Virginia,Montgomery,Montgomery County
Texas,Dallas,Dallas County
Tennessee,Macon,Macon County
Pennsylvania,Schuylkill,Schuylkill County
Oklahoma,Osage,Osage County
Wisconsin,Sawyer,Sawyer County
Nebraska,Morrill,Morrill County
Minnesota,Nobles,Nobles County
Ohio,Miami,Miami County
Michigan,Mason,Mason County
North Carolina,Lincoln,Lincoln County
New York,Tompkins,Tompkins County
Virginia,Nelson,Nelson County
Texas,Dawson,Dawson County
Tennessee,Madison,Madison County
Pennsylvania,Snyder,Snyder County
Oklahoma,Ottawa,Ottawa County
Wisconsin,Shawano,Shawano County
Nebraska,Nance,Nance County
Minnesota,Norman,Norman County
Ohio,Monroe,Monroe County
Michigan,Mecosta,Mecosta County
North Carolina,McDowell,McDowell County
New York,Ulster,Ulster County
Virginia,New Kent,New Kent County
Texas,Deaf Smith,Deaf Smith County
Tennessee,Marion,Marion County
Pennsylvania,Somerset,Somerset County
Oklahoma,Pawnee,Pawnee County
Wisconsin,Sheboygan,Sheboygan County
Nebraska,Nemaha,Nemaha County
Minnesota,Olmsted,Olmsted County
Ohio,Montgomery,Montgomery County
Michigan,Menominee,Menominee County
North Carolina,Macon,Macon County
New York,Warren,Warren County
Virginia,Northampton,Northampton County
Texas,Delta,Delta County
Tennessee,Marshall,Marshall County
Pennsylvania,Sullivan,Sullivan County
Oklahoma,Payne,Payne County
Wisconsin,Taylor,Taylor County
Nebraska,Otoe,Otoe County
Minnesota,Otter Tail,Otter Tail County
Ohio,Morgan,Morgan County
Michigan,Midland,Midland County
North Carolina,Madison,Madison County
New York,Washington,Washington County
Virginia,Northumberland,Northumberland County
Texas,Denton,Denton County
Tennessee,Maury,Maury County
Pennsylvania,Susquehanna,Susquehanna County
Oklahoma,Pittsburg,Pittsburg County
Wisconsin,Trempealeau,Trempealeau County
Nebraska,Pawnee,Pawnee County
Minnesota,Pennington,Pennington County
Ohio,Morrow,Morrow County
Michigan,Missaukee,Missaukee County
North Carolina,Martin,Martin County
New York,Wayne,Wayne County
Virginia,Nottoway,Nottoway County
Texas,DeWitt,DeWitt County
Tennessee,Meigs,Meigs County
Pennsylvania,Tioga,Tioga County
Oklahoma,Pontotoc,Pontotoc County
Wisconsin,Vernon,Vernon County
Nebraska,Perkins,Perkins County
Minnesota,Pine,Pine County
Ohio,Muskingum,Muskingum County
Michigan,Monroe,Monroe County
North Carolina,Mecklenburg,Mecklenburg County
New York,Westchester,Westchester County
Virginia,Orange,Orange County
Texas,Dickens,Dickens County
Tennessee,Monroe,Monroe County
Pennsylvania,Union,Union County
Oklahoma,Pottawatomie,Pottawatomie County
Wisconsin,Vilas,Vilas County
Nebraska,Phelps,Phelps County
Minnesota,Pipestone,Pipestone County
Ohio,Noble,Noble County
Michigan,Montcalm,Montcalm County
North Carolina,Mitchell,Mitchell County
New York,Wyoming,Wyoming County
Virginia,Page,Page County
Texas,Dimmit,Dimmit County
Tennessee,Montgomery,Montgomery County
Pennsylvania,Venango,Venango County
Oklahoma,Pushmataha,Pushmataha County
Wisconsin,Walworth,Walworth County
Nebraska,Pierce,Pierce County
Minnesota,Polk,Polk County
Ohio,Ottawa,Ottawa County
Michigan,Montmorency,Montmorency County
North Carolina,Montgomery,Montgomery County
New York,Yates,Yates County
Virginia,Patrick,Patrick County
Texas,Donley,Donley County
Tennessee,Moore,Moore County
Pennsylvania,Warren,Warren County
Oklahoma,Roger Mills,Roger Mills County
Wisconsin,Washburn,Washburn County
Nebraska,Platte,Platte County
Minnesota,Pope,Pope County
Ohio,Paulding,Paulding County
Michigan,Muskegon,Muskegon County
North Carolina,Moore,Moore County
Virginia,Pittsylvania,Pittsylvania County
Texas,Duval,Duval County
Tennessee,Morgan,Morgan County
Pennsylvania,Washington,Washington County
Oklahoma,Rogers,Rogers County
Wisconsin,Washington,Washington County
Nebraska,Polk,Polk County
Minnesota,Ramsey,Ramsey County
Ohio,Perry,Perry County
Michigan,Newaygo,Newaygo County
North Carolina,Nash,Nash County
Virginia,Powhatan,Powhatan County
Texas,Eastland,Eastland County
Tennessee,Obion,Obion County
Pennsylvania,Wayne,Wayne County
Oklahoma,Seminole,Seminole County
Wisconsin,Waukesha,Waukesha County
Nebraska,Red Willow,Red Willow County
Minnesota,Red Lake,Red Lake County
Ohio,Pickaway,Pickaway County
Michigan,Oakland,Oakland County
North Carolina,New Hanover,New Hanover County
Virginia,Prince Edward,Prince Edward County
Texas,Ector,Ector County
Tennessee,Overton,Overton County
Pennsylvania,Westmoreland,Westmoreland County
Oklahoma,Sequoyah,Sequoyah County
Wisconsin,Waupaca,Waupaca County
Nebraska,Richardson,Richardson County
Minnesota,Redwood,Redwood County
Ohio,Pike,Pike County
Michigan,Oceana,Oceana County
North Carolina,Northampton,Northampton County
Virginia,Prince George,Prince George County
Texas,Edwards,Edwards County
Tennessee,Perry,Perry County
Pennsylvania,Wyoming,Wyoming County
Oklahoma,Stephens,Stephens County
Wisconsin,Waushara,Waushara County
Nebraska,Rock,Rock County
Minnesota,Renville,Renville County
Ohio,Portage,Portage County
Michigan,Ogemaw,Ogemaw County
North Carolina,Onslow,Onslow County
Virginia,Prince William,Prince William County
Texas,Ellis,Ellis County
Tennessee,Pickett,Pickett County
Pennsylvania,York,York County
Oklahoma,Texas,Texas County
Wisconsin,Winnebago,Winnebago County
Nebraska,Saline,Saline County
Minnesota,Rice,Rice County
Ohio,Preble,Preble County
Michigan,Ontonagon,Ontonagon County
North Carolina,Orange,Orange County
Virginia,Pulaski,Pulaski County
Texas,El Paso,El Paso County
Tennessee,Polk,Polk County
Oklahoma,Tillman,Tillman County
Wisconsin,Wood,Wood County
Nebraska,Sarpy,Sarpy County
Minnesota,Rock,Rock County
Ohio,Putnam,Putnam County
Michigan,Osceola,Osceola County
North Carolina,Pamlico,Pamlico County
Virginia,Rappahannock,Rappahannock County
Texas,Erath,Erath County
Tennessee,Putnam,Putnam County
Oklahoma,Tulsa,Tulsa County
Nebraska,Saunders,Saunders County
Minnesota,Roseau,Roseau County
Ohio,Richland,Richland County
Michigan,Oscoda,Oscoda County
North Carolina,Pasquotank,Pasquotank County
Virginia,Rockbridge,Rockbridge County
Texas,Falls,Falls County
Tennessee,Rhea,Rhea County
Oklahoma,Wagoner,Wagoner County
Nebraska,Scotts Bluff,Scotts Bluff County
Minnesota,Saint Louis,Saint Louis County
Ohio,Ross,Ross County
Michigan,Otsego,Otsego County
North Carolina,Pender,Pender County
Virginia,Rockingham,Rockingham County
Texas,Fannin,Fannin County
Tennessee,Roane,Roane County
Oklahoma,Washington,Washington County
Nebraska,Seward,Seward County
Minnesota,Scott,Scott County
Ohio,Sandusky,Sandusky County
Michigan,Ottawa,Ottawa County
North Carolina,Perquimans,Perquimans County
Virginia,Russell,Russell County
Texas,Fayette,Fayette County
Tennessee,Robertson,Robertson County
Oklahoma,Washita,Washita County
Nebraska,Sheridan,Sheridan County
Minnesota,Sherburne,Sherburne County
Ohio,Scioto,Scioto County
Michigan,Presque Isle,Presque Isle County
North Carolina,Person,Person County
Virginia,Scott,Scott County
Texas,Fisher,Fisher County
Tennessee,Rutherford,Rutherford County
Oklahoma,Woods,Woods County
Nebraska,Sherman,Sherman County
Minnesota,Sibley,Sibley County
Ohio,Seneca,Seneca County
Michigan,Roscommon,Roscommon County
North Carolina,Pitt,Pitt County
Virginia,Shenandoah,Shenandoah County
Texas,Floyd,Floyd County
Tennessee,Scott,Scott County
Oklahoma,Woodward,Woodward County
Nebraska,Sioux,Sioux County
Minnesota,Stearns,Stearns County
Ohio,Shelby,Shelby County
Michigan,Saginaw,Saginaw County
North Carolina,Polk,Polk County
Virginia,Smyth,Smyth County
Texas,Fort Bend,Fort Bend County
Tennessee,Sequatchie,Sequatchie County
Nebraska,Stanton,Stanton County
Minnesota,Steele,Steele County
Ohio,Stark,Stark County
Michigan,Saint Clair,Saint Clair County
North Carolina,Randolph,Randolph County
Virginia,Southampton,Southampton County
Texas,Franklin,Franklin County
Tennessee,Sevier,Sevier County
Nebraska,Thomas,Thomas County
Minnesota,Stevens,Stevens County
Ohio,Summit,Summit County
Michigan,Saint Joseph,Saint Joseph County
North Carolina,Richmond,Richmond County
Virginia,Spotsylvania,Spotsylvania County
Texas,Freestone,Freestone County
Tennessee,Shelby,Shelby County
Nebraska,Thurston,Thurston County
Minnesota,Swift,Swift County
Ohio,Trumbull,Trumbull County
Michigan,Sanilac,Sanilac County
North Carolina,Robeson,Robeson County
Virginia,Stafford,Stafford County
Texas,Frio,Frio County
Tennessee,Smith,Smith County
Nebraska,Valley,Valley County
Minnesota,Todd,Todd County
Ohio,Tuscarawas,Tuscarawas County
Michigan,Schoolcraft,Schoolcraft County
North Carolina,Rockingham,Rockingham County
Virginia,Surry,Surry County
Texas,Gaines,Gaines County
Tennessee,Stewart,Stewart County
Nebraska,Washington,Washington County
Minnesota,Traverse,Traverse County
Ohio,Union,Union County
Michigan,Shiawassee,Shiawassee County
North Carolina,Rowan,Rowan County
Virginia,Sussex,Sussex County
Texas,Galveston,Galveston County
Tennessee,Sullivan,Sullivan County
Nebraska,Wayne,Wayne County
Minnesota,Wabasha,Wabasha County
Ohio,Van Wert,Van Wert County
Michigan,Tuscola,Tuscola County
North Carolina,Rutherford,Rutherford County
Virginia,Tazewell,Tazewell County
Texas,Garza,Garza County
Tennessee,Sumner,Sumner County
Nebraska,Webster,Webster County
Minnesota,Wadena,Wadena County
Ohio,Vinton,Vinton County
Michigan,Van Buren,Van Buren County
North Carolina,Sampson,Sampson County
Virginia,Warren,Warren County
Texas,Gillespie,Gillespie County
Tennessee,Tipton,Tipton County
Nebraska,York,York County
Minnesota,Waseca,Waseca County
Ohio,Warren,Warren County
Michigan,Washtenaw,Washtenaw County
North Carolina,Scotland,Scotland County
Virginia,Washington,Washington County
Texas,Glasscock,Glasscock County
Tennessee,Trousdale,Trousdale County
Minnesota,Washington,Washington County
Ohio,Washington,Washington County
Michigan,Wayne,Wayne County
North Carolina,Stanly,Stanly County
Virginia,Westmoreland,Westmoreland County
Texas,Goliad,Goliad County
Tennessee,Unicoi,Unicoi County
Minnesota,Watonwan,Watonwan County
Ohio,Wayne,Wayne County
Michigan,Wexford,Wexford County
North Carolina,Stokes,Stokes County
Virginia,Wise,Wise County
Texas,Gonzales,Gonzales County
Tennessee,Union,Union County
Minnesota,Wilkin,Wilkin County
Ohio,Williams,Williams County
North Carolina,Surry,Surry County
Virginia,Wythe,Wythe County
Texas,Gray,Gray County
Tennessee,Van Buren,Van Buren County
Minnesota,Winona,Winona County
Ohio,Wood,Wood County
North Carolina,Swain,Swain County
Virginia,York,York County
Texas,Grayson,Grayson County
Tennessee,Warren,Warren County
Minnesota,Wright,Wright County
Ohio,Wyandot,Wyandot County
North Carolina,Transylvania,Transylvania County
Virginia,Alexandria,Alexandria County
Texas,Gregg,Gregg County
Tennessee,Washington,Washington County
Minnesota,Yellow Medicine,Yellow Medicine County
North Carolina,Tyrrell,Tyrrell County
Virginia,Bristol,Bristol County
Texas,Grimes,Grimes County
Tennessee,Wayne,Wayne County
North Carolina,Union,Union County
Virginia,Charlottesville,Charlottesville County
Texas,Guadalupe,Guadalupe County
Tennessee,Weakley,Weakley County
North Carolina,Vance,Vance County
Virginia,Chesapeake,Chesapeake County
Texas,Hale,Hale County
Tennessee,White,White County
North Carolina,Wake,Wake County
Virginia,Danville,Danville County
Texas,Hall,Hall County
Tennessee,Williamson,Williamson County
North Carolina,Warren,Warren County
Virginia,Falls Church,Falls Church County
Texas,Hamilton,Hamilton County
Tennessee,Wilson,Wilson County
North Carolina,Washington,Washington County
Virginia,Fredericksburg,Fredericksburg County
Texas,Hansford,Hansford County
North Carolina,Watauga,Watauga County
Virginia,Hampton,Hampton County
Texas,Hardin,Hardin County
North Carolina,Wayne,Wayne County
Virginia,Harrisonburg,Harrisonburg County
Texas,Harris,Harris County
North Carolina,Wilkes,Wilkes County
Virginia,Lynchburg,Lynchburg County
Texas,Harrison,Harrison County
North Carolina,Wilson,Wilson County
Virginia,Manassas,Manassas County
Texas,Hartley,Hartley County
North Carolina,Yadkin,Yadkin County
Virginia,Martinsville,Martinsville County
Texas,Haskell,Haskell County
North Carolina,Yancey,Yancey County
Virginia,Newport News,Newport News County
Texas,Hays,Hays County
Virginia,Norfolk,Norfolk County
Texas,Hemphill,Hemphill County
Virginia,Petersburg,Petersburg County
Texas,Henderson,Henderson County
Virginia,Poquoson,Poquoson County
Texas,Hidalgo,Hidalgo County
Virginia,Portsmouth,Portsmouth County
Texas,Hill,Hill County
Virginia,Radford,Radford County
Texas,Hockley,Hockley County
Virginia,Salem,Salem County
Texas,Hood,Hood County
Virginia,Staunton,Staunton County
Texas,Hopkins,Hopkins County
Virginia,Suffolk,Suffolk County
Texas,Houston,Houston County
Virginia,Virginia Beach,Virginia Beach County
Texas,Howard,Howard County
Virginia,Williamsburg,Williamsburg County
Texas,Hudspeth,Hudspeth County
Texas,Hunt,Hunt County
Texas,Hutchinson,Hutchinson County
Texas,Irion,Irion County
Texas,Jack,Jack County
Texas,Jackson,Jackson County
Texas,Jasper,Jasper County
Texas,Jeff Davis,Jeff Davis County
Texas,Jefferson,Jefferson County
Texas,Jim Hogg,Jim Hogg County
Texas,Jim Wells,Jim Wells County
Texas,Johnson,Johnson County
Texas,Jones,Jones County
Texas,Karnes,Karnes County
Texas,Kaufman,Kaufman County
Texas,Kendall,Kendall County
Texas,Kent,Kent County
Texas,Kerr,Kerr County
Texas,Kimble,Kimble County
Texas,Kinney,Kinney County
Texas,Kleberg,Kleberg County
Texas,Knox,Knox County
Texas,Lamar,Lamar County
Texas,Lamb,Lamb County
Texas,Lampasas,Lampasas County
Texas,La Salle,La Salle County
Texas,Lavaca,Lavaca County
Texas,Lee,Lee County
Texas,Leon,Leon County
Texas,Liberty,Liberty County
Texas,Limestone,Limestone County
Texas,Lipscomb,Lipscomb County
Texas,Live Oak,Live Oak County
Texas,Llano,Llano County
Texas,Lubbock,Lubbock County
Texas,Lynn,Lynn County
Texas,McCulloch,McCulloch County
Texas,McLennan,McLennan County
Texas,McMullen,McMullen County
Texas,Madison,Madison County
Texas,Marion,Marion County
Texas,Martin,Martin County
Texas,Mason,Mason County
Texas,Matagorda,Matagorda County
Texas,Maverick,Maverick County
Texas,Medina,Medina County
Texas,Menard,Menard County
Texas,Midland,Midland County
Texas,Milam,Milam County
Texas,Mills,Mills County
Texas,Mitchell,Mitchell County
Texas,Montague,Montague County
Texas,Montgomery,Montgomery County
Texas,Moore,Moore County
Texas,Morris,Morris County
Texas,Nacogdoches,Nacogdoches County
Texas,Navarro,Navarro County
Texas,Newton,Newton County
Texas,Nolan,Nolan County
Texas,Nueces,Nueces County
Texas,Ochiltree,Ochiltree County
Texas,Oldham,Oldham County
Texas,Orange,Orange County
Texas,Palo Pinto,Palo Pinto County
Texas,Panola,Panola County
Texas,Parker,Parker County
Texas,Parmer,Parmer County
Texas,Pecos,Pecos County
Texas,Polk,Polk County
Texas,Potter,Potter County
Texas,Presidio,Presidio County
Texas,Rains,Rains County
Texas,Randall,Randall County
Texas,Reagan,Reagan County
Texas,Real,Real County
Texas,Red River,Red River County
Texas,Reeves,Reeves County
Texas,Refugio,Refugio County
Texas,Roberts,Roberts County
Texas,Robertson,Robertson County
Texas,Rockwall,Rockwall County
Texas,Runnels,Runnels County
Texas,Rusk,Rusk County
Texas,Sabine,Sabine County
Texas,San Augustine,San Augustine County
Texas,San Jacinto,San Jacinto County
Texas,San Patricio,San Patricio County
Texas,San Saba,San Saba County
Texas,Schleicher,Schleicher County
Texas,Scurry,Scurry County
Texas,Shackelford,Shackelford County
Texas,Shelby,Shelby County
Texas,Sherman,Sherman County
Texas,Smith,Smith County
Texas,Somervell,Somervell County
Texas,Starr,Starr County
Texas,Stephens,Stephens County
Texas,Sterling,Sterling County
Texas,Sutton,Sutton County
Texas,Swisher,Swisher County
Texas,Tarrant,Tarrant County
Texas,Taylor,Taylor County
Texas,Terrell,Terrell County
Texas,Terry,Terry County
Texas,Throckmorton,Throckmorton County
Texas,Titus,Titus County
Texas,Tom Green,Tom Green County
Texas,Travis,Travis County
Texas,Trinity,Trinity County
Texas,Tyler,Tyler County
Texas,Upshur,Upshur County
Texas,Upton,Upton County
Texas,Uvalde,Uvalde County
Texas,Val Verde,Val Verde County
Texas,Van Zandt,Van Zandt County
Texas,Victoria,Victoria County
Texas,Walker,Walker County
Texas,Waller,Waller County
Texas,Ward,Ward County
Texas,Washington,Washington County
Texas,Webb,Webb County
Texas,Wharton,Wharton County
Texas,Wheeler,Wheeler County
Texas,Wichita,Wichita County
Texas,Wilbarger,Wilbarger County
Texas,Willacy,Willacy County
Texas,Williamson,Williamson County
Texas,Wilson,Wilson County
Texas,Winkler,Winkler County
Texas,Wise,Wise County
Texas,Wood,Wood County
Texas,Yoakum,Yoakum County
Texas,Young,Young County
Texas,Zapata,Zapata County
Texas,Zavala,Zavala County
Maine,Androscoggin,Androscoggin County
Louisiana,Acadia,Acadia Parish
Kentucky,Adair,Adair County
Kansas,Allen,Allen County
Maine,Aroostook,Aroostook County
Louisiana,Allen,Allen Parish
Kentucky,Allen,Allen County
Iowa,Adair,Adair County
Kansas,Anderson,Anderson County
Indiana,Adams,Adams County
Illinois,Adams,Adams County
Maine,Cumberland,Cumberland County
Louisiana,Ascension,Ascension Parish
Kentucky,Anderson,Anderson County
Iowa,Adams,Adams County
Kansas,Atchison,Atchison County
Indiana,Allen,Allen County
Illinois,Alexander,Alexander County
Maine,Franklin,Franklin County
Louisiana,Assumption,Assumption Parish
Kentucky,Ballard,Ballard County
Iowa,Allamakee,Allamakee County
Kansas,Barber,Barber County
Indiana,Bartholomew,Bartholomew County
Illinois,Bond,Bond County
Maine,Hancock,Hancock County
Louisiana,Avoyelles,Avoyelles Parish
Kentucky,Barren,Barren County
Iowa,Appanoose,Appanoose County
Kansas,Barton,Barton County
Indiana,Benton,Benton County
Illinois,Boone,Boone County
Maine,Kennebec,Kennebec County
Louisiana,Beauregard,Beauregard Parish
Kentucky,Bath,Bath County
Iowa,Audubon,Audubon County
Kansas,Bourbon,Bourbon County
Indiana,Blackford,Blackford County
Illinois,Brown,Brown County
Maine,Knox,Knox County
Louisiana,Bienville,Bienville Parish
Kentucky,Bell,Bell County
Iowa,Benton,Benton County
Kansas,Brown,Brown County
Indiana,Boone,Boone County
Illinois,Bureau,Bureau County
Maine,Lincoln,Lincoln County
Louisiana,Bossier,Bossier Parish
Kentucky,Boone,Boone County
Iowa,Black Hawk,Black Hawk County
Kansas,Butler,Butler County
Indiana,Brown,Brown County
Illinois,Calhoun,Calhoun County
Maine,Oxford,Oxford County
Louisiana,Caddo,Caddo Parish
Kentucky,Bourbon,Bourbon County
Iowa,Boone,Boone County
Kansas,Chase,Chase County
Indiana,Carroll,Carroll County
Illinois,Carroll,Carroll County
Maine,Penobscot,Penobscot County
Louisiana,Calcasieu,Calcasieu Parish
Kentucky,Boyd,Boyd County
Iowa,Bremer,Bremer County
Kansas,Chautauqua,Chautauqua County
Indiana,Cass,Cass County
Illinois,Cass,Cass County
Maine,Piscataquis,Piscataquis County
Louisiana,Caldwell,Caldwell Parish
Kentucky,Boyle,Boyle County
Iowa,Buchanan,Buchanan County
Kansas,Cherokee,Cherokee County
Indiana,Clark,Clark County
Illinois,Champaign,Champaign County
Maine,Sagadahoc,Sagadahoc County
Louisiana,Cameron,Cameron Parish
Kentucky,Bracken,Bracken County
Iowa,Buena Vista,Buena Vista County
Kansas,Cheyenne,Cheyenne County
Indiana,Clay,Clay County
Illinois,Christian,Christian County
Maine,Somerset,Somerset County
Louisiana,Catahoula,Catahoula Parish
Kentucky,Breathitt,Breathitt County
Iowa,Butler,Butler County
Kansas,Clark,Clark County
Indiana,Clinton,Clinton County
Illinois,Clark,Clark County
Maine,Waldo,Waldo County
Louisiana,Claiborne,Claiborne Parish
Kentucky,Breckinridge,Breckinridge County
Iowa,Calhoun,Calhoun County
Kansas,Clay,Clay County
Indiana,Crawford,Crawford County
Illinois,Clay,Clay County
Maine,Washington,Washington County
Louisiana,Concordia,Concordia Parish
Kentucky,Bullitt,Bullitt County
Iowa,Carroll,Carroll County
Kansas,Cloud,Cloud County
Indiana,Daviess,Daviess County
Illinois,Clinton,Clinton County
Maine,York,York County
Louisiana,De Soto,De Soto Parish
Kentucky,Butler,Butler County
Iowa,Cass,Cass County
Kansas,Coffey,Coffey County
Indiana,Dearborn,Dearborn County
Illinois,Coles,Coles County
Louisiana,East Baton Rouge,East Baton Rouge Parish
Kentucky,Caldwell,Caldwell County
Iowa,Cedar,Cedar County
Kansas,Comanche,Comanche County
Indiana,Decatur,Decatur County
Illinois,Cook,Cook County
Louisiana,East Carroll,East Carroll Parish
Kentucky,Calloway,Calloway County
Iowa,Cerro Gordo,Cerro Gordo County
Kansas,Cowley,Cowley County
Indiana,DeKalb,DeKalb County
Illinois,Crawford,Crawford County
Louisiana,East Feliciana,East Feliciana Parish
Kentucky,Campbell,Campbell County
Iowa,Cherokee,Cherokee County
Kansas,Crawford,Crawford County
Indiana,Delaware,Delaware County
Illinois,Cumberland,Cumberland County
Louisiana,Evangeline,Evangeline Parish
Kentucky,Carlisle,Carlisle County
Iowa,Chickasaw,Chickasaw County
Kansas,Decatur,Decatur County
Indiana,Dubois,Dubois County
Illinois,DeKalb,DeKalb County
Louisiana,Franklin,Franklin Parish
Kentucky,Carroll,Carroll County
Iowa,Clarke,Clarke County
Kansas,Dickinson,Dickinson County
Indiana,Elkhart,Elkhart County
Illinois,De Witt,De Witt County
Louisiana,Grant,Grant Parish
Kentucky,Carter,Carter County
Iowa,Clay,Clay County
Kansas,Doniphan,Doniphan County
Indiana,Fayette,Fayette County
Illinois,Douglas,Douglas County
Louisiana,Iberia,Iberia Parish
Kentucky,Casey,Casey County
Iowa,Clayton,Clayton County
Kansas,Douglas,Douglas County
Indiana,Floyd,Floyd County
Illinois,DuPage,DuPage County
Louisiana,Iberville,Iberville Parish
Kentucky,Christian,Christian County
Iowa,Clinton,Clinton County
Kansas,Edwards,Edwards County
Indiana,Fountain,Fountain County
Illinois,Edgar,Edgar County
Louisiana,Jackson,Jackson Parish
Kentucky,Clark,Clark County
Iowa,Crawford,Crawford County
Kansas,Elk,Elk County
Indiana,Franklin,Franklin County
Illinois,Edwards,Edwards County
Louisiana,Jefferson,Jefferson Parish
Kentucky,Clay,Clay County
Iowa,Dallas,Dallas County
Kansas,Ellis,Ellis County
Indiana,Fulton,Fulton County
Illinois,Effingham,Effingham County
Louisiana,Jefferson Davis,Jefferson Davis Parish
Kentucky,Clinton,Clinton County
Iowa,Davis,Davis County
Kansas,Ellsworth,Ellsworth County
Indiana,Gibson,Gibson County
Illinois,Fayette,Fayette County
Louisiana,Lafayette,Lafayette Parish
Kentucky,Crittenden,Crittenden County
Iowa,Decatur,Decatur County
Kansas,Finney,Finney County
Indiana,Grant,Grant County
Illinois,Ford,Ford County
Louisiana,Lafourche,Lafourche Parish
Kentucky,Cumberland,Cumberland County
Iowa,Delaware,Delaware County
Kansas,Ford,Ford County
Indiana,Greene,Greene County
Illinois,Franklin,Franklin County
Louisiana,La Salle,La Salle Parish
Kentucky,Daviess,Daviess County
Iowa,Des Moines,Des Moines County
Kansas,Franklin,Franklin County
Indiana,Hamilton,Hamilton County
Illinois,Fulton,Fulton County
Louisiana,Lincoln,Lincoln Parish
Kentucky,Edmonson,Edmonson County
Iowa,Dickinson,Dickinson County
Kansas,Geary,Geary County
Indiana,Hancock,Hancock County
Illinois,Gallatin,Gallatin County
Louisiana,Livingston,Livingston Parish
Kentucky,Elliott,Elliott County
Iowa,Dubuque,Dubuque County
Kansas,Gove,Gove County
Indiana,Harrison,Harrison County
Illinois,Greene,Greene County
Louisiana,Madison,Madison Parish
Kentucky,Estill,Estill County
Iowa,Emmet,Emmet County
Kansas,Graham,Graham County
Indiana,Hendricks,Hendricks County
Illinois,Grundy,Grundy County
Louisiana,Morehouse,Morehouse Parish
Kentucky,Fayette,Fayette County
Iowa,Fayette,Fayette County
Kansas,Grant,Grant County
Indiana,Henry,Henry County
Illinois,Hamilton,Hamilton County
Louisiana,Natchitoches,Natchitoches Parish
Kentucky,Fleming,Fleming County
Iowa,Floyd,Floyd County
Kansas,Gray,Gray County
Indiana,Howard,Howard County
Illinois,Hancock,Hancock County
Louisiana,Orleans,Orleans Parish
Kentucky,Floyd,Floyd County
Iowa,Franklin,Franklin County
Kansas,Greenwood,Greenwood County
Indiana,Huntington,Huntington County
Illinois,Hardin,Hardin County
Louisiana,Ouachita,Ouachita Parish
Kentucky,Franklin,Franklin County
Iowa,Fremont,Fremont County
Kansas,Hamilton,Hamilton County
Indiana,Jackson,Jackson County
Illinois,Henderson,Henderson County
Louisiana,Plaquemines,Plaquemines Parish
Kentucky,Fulton,Fulton County
Iowa,Greene,Greene County
Kansas,Harper,Harper County
Indiana,Jasper,Jasper County
Illinois,Henry,Henry County
Louisiana,Pointe Coupee,Pointe Coupee Parish
Kentucky,Gallatin,Gallatin County
Iowa,Grundy,Grundy County
Kansas,Harvey,Harvey County
Indiana,Jay,Jay County
Illinois,Iroquois,Iroquois County
Louisiana,Rapides,Rapides Parish
Kentucky,Garrard,Garrard County
Iowa,Guthrie,Guthrie County
Kansas,Haskell,Haskell County
Indiana,Jefferson,Jefferson County
Illinois,Jackson,Jackson County
Louisiana,Red River,Red River Parish
Kentucky,Grant,Grant County
Iowa,Hamilton,Hamilton County
Kansas,Hodgeman,Hodgeman County
Indiana,Jennings,Jennings County
Illinois,Jasper,Jasper County
Louisiana,Richland,Richland Parish
Kentucky,Graves,Graves County
Iowa,Hancock,Hancock County
Kansas,Jackson,Jackson County
Indiana,Johnson,Johnson County
Illinois,Jefferson,Jefferson County
Louisiana,Sabine,Sabine Parish
Kentucky,Grayson,Grayson County
Iowa,Hardin,Hardin County
Kansas,Jefferson,Jefferson County
Indiana,Knox,Knox County
Illinois,Jersey,Jersey County
Louisiana,Saint Bernard,Saint Bernard Parish
Kentucky,Green,Green County
Iowa,Harrison,Harrison County
Kansas,Jewell,Jewell County
Indiana,Kosciusko,Kosciusko County
Illinois,Jo Daviess,Jo Daviess County
Louisiana,Saint Charles,Saint Charles Parish
Kentucky,Greenup,Greenup County
Iowa,Henry,Henry County
Kansas,Johnson,Johnson County
Indiana,LaGrange,LaGrange County
Illinois,Johnson,Johnson County
Louisiana,Saint Helena,Saint Helena Parish
Kentucky,Hancock,Hancock County
Iowa,Howard,Howard County
Kansas,Kearny,Kearny County
Indiana,Lake,Lake County
Illinois,Kane,Kane County
Louisiana,Saint James,Saint James Parish
Kentucky,Hardin,Hardin County
Iowa,Humboldt,Humboldt County
Kansas,Kingman,Kingman County
Indiana,LaPorte,LaPorte County
Illinois,Kankakee,Kankakee County
Louisiana,Saint John the Baptist,Saint John the Baptist Parish
Kentucky,Harlan,Harlan County
Iowa,Ida,Ida County
Kansas,Kiowa,Kiowa County
Indiana,Lawrence,Lawrence County
Illinois,Kendall,Kendall County
Louisiana,Saint Landry,Saint Landry Parish
Kentucky,Harrison,Harrison County
Iowa,Iowa,Iowa County
Kansas,Labette,Labette County
Indiana,Madison,Madison County
Illinois,Knox,Knox County
Louisiana,Saint Martin,Saint Martin Parish
Kentucky,Hart,Hart County
Iowa,Jackson,Jackson County
Kansas,Lane,Lane County
Indiana,Marion,Marion County
Illinois,Lake,Lake County
Louisiana,Saint Mary,Saint Mary Parish
Kentucky,Henderson,Henderson County
Iowa,Jasper,Jasper County
Kansas,Leavenworth,Leavenworth County
Indiana,Marshall,Marshall County
Illinois,La Salle,La Salle County
Louisiana,Saint Tammany,Saint Tammany Parish
Kentucky,Henry,Henry County
Iowa,Jefferson,Jefferson County
Kansas,Lincoln,Lincoln County
Indiana,Martin,Martin County
Illinois,Lawrence,Lawrence County
Louisiana,Tangipahoa,Tangipahoa Parish
Kentucky,Hickman,Hickman County
Iowa,Johnson,Johnson County
Kansas,Linn,Linn County
Indiana,Miami,Miami County
Illinois,Lee,Lee County
Louisiana,Tensas,Tensas Parish
Kentucky,Hopkins,Hopkins County
Iowa,Jones,Jones County
Kansas,Logan,Logan County
Indiana,Monroe,Monroe County
Illinois,Livingston,Livingston County
Louisiana,Terrebonne,Terrebonne Parish
Kentucky,Jackson,Jackson County
Iowa,Keokuk,Keokuk County
Kansas,Lyon,Lyon County
Indiana,Montgomery,Montgomery County
Illinois,Logan,Logan County
Louisiana,Union,Union Parish
Kentucky,Jefferson,Jefferson County
Iowa,Kossuth,Kossuth County
Kansas,McPherson,McPherson County
Indiana,Morgan,Morgan County
Illinois,McDonough,McDonough County
Louisiana,Vermilion,Vermilion Parish
Kentucky,Jessamine,Jessamine County
Iowa,Lee,Lee County
Kansas,Marion,Marion County
Indiana,Newton,Newton County
Illinois,McHenry,McHenry County
Louisiana,Vernon,Vernon Parish
Kentucky,Johnson,Johnson County
Iowa,Linn,Linn County
Kansas,Marshall,Marshall County
Indiana,Noble,Noble County
Illinois,McLean,McLean County
Louisiana,Washington,Washington Parish
Kentucky,Kenton,Kenton County
Iowa,Louisa,Louisa County
Kansas,Meade,Meade County
Indiana,Ohio,Ohio County
Illinois,Macon,Macon County
Louisiana,Webster,Webster Parish
Kentucky,Knott,Knott County
Iowa,Lucas,Lucas County
Kansas,Miami,Miami County
Indiana,Orange,Orange County
Illinois,Macoupin,Macoupin County
Louisiana,West Baton Rouge,West Baton Rouge Parish
Kentucky,Knox,Knox County
Iowa,Lyon,Lyon County
Kansas,Mitchell,Mitchell County
Indiana,Owen,Owen County
Illinois,Madison,Madison County
Louisiana,West Carroll,West Carroll Parish
Kentucky,Larue,Larue County
Iowa,Madison,Madison County
Kansas,Montgomery,Montgomery County
Indiana,Parke,Parke County
Illinois,Marion,Marion County
Louisiana,West Feliciana,West Feliciana Parish
Kentucky,Laurel,Laurel County
Iowa,Mahaska,Mahaska County
Kansas,Morris,Morris County
Indiana,Perry,Perry County
Illinois,Marshall,Marshall County
Louisiana,Winn,Winn Parish
Kentucky,Lawrence,Lawrence County
Iowa,Marion,Marion County
Kansas,Morton,Morton County
Indiana,Pike,Pike County
Illinois,Mason,Mason County
Kentucky,Lee,Lee County
Iowa,Marshall,Marshall County
Kansas,Nemaha,Nemaha County
Indiana,Porter,Porter County
Illinois,Massac,Massac County
Kentucky,Leslie,Leslie County
Iowa,Mills,Mills County
Kansas,Neosho,Neosho County
Indiana,Posey,Posey County
Illinois,Menard,Menard County
Kentucky,Letcher,Letcher County
Iowa,Mitchell,Mitchell County
Kansas,Ness,Ness County
Indiana,Pulaski,Pulaski County
Illinois,Mercer,Mercer County
Kentucky,Lewis,Lewis County
Iowa,Monona,Monona County
Kansas,Norton,Norton County
Indiana,Putnam,Putnam County
Illinois,Monroe,Monroe County
Kentucky,Lincoln,Lincoln County
Iowa,Monroe,Monroe County
Kansas,Osage,Osage County
Indiana,Randolph,Randolph County
Illinois,Montgomery,Montgomery County
Kentucky,Livingston,Livingston County
Iowa,Montgomery,Montgomery County
Kansas,Osborne,Osborne County
Indiana,Ripley,Ripley County
Illinois,Morgan,Morgan County
Kentucky,Logan,Logan County
Iowa,Muscatine,Muscatine County
Kansas,Ottawa,Ottawa County
Indiana,Rush,Rush County
Illinois,Moultrie,Moultrie County
Kentucky,Lyon,Lyon County
Iowa,O'Brien,O'Brien County
Kansas,Pawnee,Pawnee County
Indiana,Saint Joseph,Saint Joseph County
Illinois,Ogle,Ogle County
Kentucky,McCracken,McCracken County
Iowa,Osceola,Osceola County
Kansas,Phillips,Phillips County
Indiana,Scott,Scott County
Illinois,Peoria,Peoria County
Kentucky,McCreary,McCreary County
Iowa,Page,Page County
Kansas,Pottawatomie,Pottawatomie County
Indiana,Shelby,Shelby County
Illinois,Perry,Perry County
Kentucky,McLean,McLean County
Iowa,Palo Alto,Palo Alto County
Kansas,Pratt,Pratt County
Indiana,Spencer,Spencer County
Illinois,Piatt,Piatt County
Kentucky,Madison,Madison County
Iowa,Plymouth,Plymouth County
Kansas,Rawlins,Rawlins County
Indiana,Starke,Starke County
Illinois,Pike,Pike County
Kentucky,Magoffin,Magoffin County
Iowa,Pocahontas,Pocahontas County
Kansas,Reno,Reno County
Indiana,Steuben,Steuben County
Illinois,Pope,Pope County
Kentucky,Marion,Marion County
Iowa,Polk,Polk County
Kansas,Republic,Republic County
Indiana,Sullivan,Sullivan County
Illinois,Pulaski,Pulaski County
Kentucky,Marshall,Marshall County
Iowa,Pottawattamie,Pottawattamie County
Kansas,Rice,Rice County
Indiana,Switzerland,Switzerland County
Illinois,Putnam,Putnam County
Kentucky,Martin,Martin County
Iowa,Poweshiek,Poweshiek County
Kansas,Riley,Riley County
Indiana,Tippecanoe,Tippecanoe County
Illinois,Randolph,Randolph County
Kentucky,Mason,Mason County
Iowa,Ringgold,Ringgold County
Kansas,Rooks,Rooks County
Indiana,Tipton,Tipton County
Illinois,Richland,Richland County
Kentucky,Meade,Meade County
Iowa,Sac,Sac County
Kansas,Rush,Rush County
Indiana,Union,Union County
Illinois,Rock Island,Rock Island County
Kentucky,Menifee,Menifee County
Iowa,Scott,Scott County
Kansas,Russell,Russell County
Indiana,Vanderburgh,Vanderburgh County
Illinois,Saint Clair,Saint Clair County
Kentucky,Mercer,Mercer County
Iowa,Shelby,Shelby County
Kansas,Saline,Saline County
Indiana,Vermillion,Vermillion County
Illinois,Saline,Saline County
Kentucky,Metcalfe,Metcalfe County
Iowa,Sioux,Sioux County
Kansas,Sedgwick,Sedgwick County
Indiana,Vigo,Vigo County
Illinois,Sangamon,Sangamon County
Kentucky,Monroe,Monroe County
Iowa,Story,Story County
Kansas,Seward,Seward County
Indiana,Wabash,Wabash County
Illinois,Schuyler,Schuyler County
Kentucky,Montgomery,Montgomery County
Iowa,Tama,Tama County
Kansas,Shawnee,Shawnee County
Indiana,Warren,Warren County
Illinois,Scott,Scott County
Kentucky,Morgan,Morgan County
Iowa,Taylor,Taylor County
Kansas,Sheridan,Sheridan County
Indiana,Warrick,Warrick County
Illinois,Shelby,Shelby County
Kentucky,Muhlenberg,Muhlenberg County
Iowa,Union,Union County
Kansas,Sherman,Sherman County
Indiana,Washington,Washington County
Illinois,Stark,Stark County
Kentucky,Nelson,Nelson County
Iowa,Van Buren,Van Buren County
Kansas,Smith,Smith County
Indiana,Wayne,Wayne County
Illinois,Stephenson,Stephenson County
Kentucky,Nicholas,Nicholas County
Iowa,Wapello,Wapello County
Kansas,Stafford,Stafford County
Indiana,Wells,Wells County
Illinois,Tazewell,Tazewell County
Kentucky,Ohio,Ohio County
Iowa,Warren,Warren County
Kansas,Stanton,Stanton County
Indiana,White,White County
Illinois,Union,Union County
Kentucky,Oldham,Oldham County
Iowa,Washington,Washington County
Kansas,Stevens,Stevens County
Indiana,Whitley,Whitley County
Illinois,Vermilion,Vermilion County
Kentucky,Owen,Owen County
Iowa,Wayne,Wayne County
Kansas,Sumner,Sumner County
Illinois,Wabash,Wabash County
Kentucky,Owsley,Owsley County
Iowa,Webster,Webster County
Kansas,Thomas,Thomas County
Illinois,Warren,Warren County
Kentucky,Pendleton,Pendleton County
Iowa,Winnebago,Winnebago County
Kansas,Trego,Trego County
Illinois,Washington,Washington County
Kentucky,Perry,Perry County
Iowa,Winneshiek,Winneshiek County
Kansas,Wabaunsee,Wabaunsee County
Illinois,Wayne,Wayne County
Kentucky,Pike,Pike County
Iowa,Woodbury,Woodbury County
Kansas,Wallace,Wallace County
Illinois,White,White County
Kentucky,Powell,Powell County
Iowa,Worth,Worth County
Kansas,Washington,Washington County
Illinois,Whiteside,Whiteside County
Kentucky,Pulaski,Pulaski County
Iowa,Wright,Wright County
Kansas,Wilson,Wilson County
Illinois,Will,Will County
Kentucky,Robertson,Robertson County
Kansas,Woodson,Woodson County
Illinois,Williamson,Williamson County
Kentucky,Rockcastle,Rockcastle County
Kansas,Wyandotte,Wyandotte County
Illinois,Winnebago,Winnebago County
Kentucky,Rowan,Rowan County
Illinois,Woodford,Woodford County
Kentucky,Russell,Russell County
Kentucky,Scott,Scott County
Kentucky,Shelby,Shelby County
Kentucky,Simpson,Simpson County
Kentucky,Spencer,Spencer County
Kentucky,Taylor,Taylor County
Kentucky,Todd,Todd County
Kentucky,Trigg,Trigg County
Kentucky,Trimble,Trimble County
Kentucky,Union,Union County
Kentucky,Warren,Warren County
Kentucky,Washington,Washington County
Kentucky,Wayne,Wayne County
Kentucky,Webster,Webster County
Kentucky,Whitley,Whitley County
Kentucky,Wolfe,Wolfe County
Kentucky,Woodford,Woodford County
