county,state
Autauga County,AL
Baldwin County,AL
Barbour County,AL
Bibb County,AL
Blount County,AL
Bullock County,AL
Butler County,AL
Calhoun County,AL
District of Columbia County,DC
Chambers County,AL
Appling County,GA
Cherokee County,AL
Fairfield County,CT
Atkinson County,GA
Chilton County,AL
Hartford County,CT
Kent County,DE
Bacon County,GA
Choctaw County,AL
Litchfield County,CT
New Castle County,DE
Ada County,ID
Arkansas County,AR
Adams County,CO
Alameda County,CA
Baker County,GA
Clarke County,AL
Middlesex County,CT
Sussex County,DE
Adams County,ID
Ashley County,AR
Alamosa County,CO
Alpine County,CA
Hawaii County,HI
Aleutians West County,AK
Apache County,AZ
Baldwin County,GA
Clay County,AL
New Haven County,CT
Alachua County,FL
Bannock County,ID
Baxter County,AR
Arapahoe County,CO
Amador County,CA
Honolulu County,HI
Anchorage County,AK
Cochise County,AZ
Banks County,GA
Cleburne County,AL
New London County,CT
Beaverhead County,MT
Adair County,MO
Adams County,MS
Albany County,WY
Baker County,FL
Bear Lake County,ID
Benton County,AR
Archuleta County,CO
Butte County,CA
Kauai County,HI
Bethel County,AK
Coconino County,AZ
Barrow County,GA
Coffee County,AL
Tolland County,CT
Big Horn County,MT
Andrew County,MO
Alcorn County,MS
Big Horn County,WY
Bay County,FL
Benewah County,ID
Boone County,AR
Bent County,CO
Calaveras County,CA
Maui County,HI
Denali County,AK
Gila County,AZ
Bartow County,GA
Colbert County,AL
Windham County,CT
Blaine County,MT
Atchison County,MO
Amite County,MS
Campbell County,WY
Bradford County,FL
Bingham County,ID
Bradley County,AR
Boulder County,CO
Colusa County,CA
Dillingham County,AK
Graham County,AZ
Ben Hill County,GA
Conecuh County,AL
Broadwater County,MT
Audrain County,MO
Attala County,MS
Carbon County,WY
Brevard County,FL
Blaine County,ID
Calhoun County,AR
Broomfield County,CO
Contra Costa County,CA
Fairbanks North Star County,AK
Greenlee County,AZ
Berrien County,GA
Coosa County,AL
Carbon County,MT
Barry County,MO
Benton County,MS
Converse County,WY
Broward County,FL
Boise County,ID
Carroll County,AR
Chaffee County,CO
Del Norte County,CA
Haines County,AK
La Paz County,AZ
Bibb County,GA
Covington County,AL
Cascade County,MT
Barton County,MO
Bolivar County,MS
Crook County,WY
Calhoun County,FL
Bonner County,ID
Chicot County,AR
Cheyenne County,CO
El Dorado County,CA
Juneau County,AK
Maricopa County,AZ
Bleckley County,GA
Crenshaw County,AL
Chouteau County,MT
Bates County,MO
Calhoun County,MS
Fremont County,WY
Charlotte County,FL
Bonneville County,ID
Clark County,AR
Clear Creek County,CO
Fresno County,CA
Kenai Peninsula County,AK
Mohave County,AZ
Brantley County,GA
Cullman County,AL
Custer County,MT
Benton County,MO
Carroll County,MS
Goshen County,WY
Citrus County,FL
Boundary County,ID
Clay County,AR
Conejos County,CO
Glenn County,CA
Ketchikan Gateway County,AK
Navajo County,AZ
Brooks County,GA
Dale County,AL
Daniels County,MT
Bollinger County,MO
Chickasaw County,MS
Hot Springs County,WY
Clay County,FL
Butte County,ID
Cleburne County,AR
Costilla County,CO
Humboldt County,CA
Kodiak Island County,AK
Pima County,AZ
Bryan County,GA
Dallas County,AL
Dawson County,MT
Boone County,MO
Choctaw County,MS
Johnson County,WY
Collier County,FL
Camas County,ID
Cleveland County,AR
Crowley County,CO
Imperial County,CA
Matanuska Susitna County,AK
Pinal County,AZ
Bulloch County,GA
DeKalb County,AL
Deer Lodge County,MT
Buchanan County,MO
Claiborne County,MS
Laramie County,WY
Columbia County,FL
Canyon County,ID
Columbia County,AR
Custer County,CO
Inyo County,CA
Nome County,AK
Santa Cruz County,AZ
Burke County,GA
Elmore County,AL
Fallon County,MT
Butler County,MO
Clarke County,MS
Lincoln County,WY
DeSoto County,FL
Caribou County,ID
Conway County,AR
Delta County,CO
Kern County,CA
Sitka County,AK
Yavapai County,AZ
Butts County,GA
Escambia County,AL
Fergus County,MT
Caldwell County,MO
Clay County,MS
Natrona County,WY
Dixie County,FL
Cassia County,ID
Craighead County,AR
Denver County,CO
Kings County,CA
Southeast Fairbanks County,AK
Yuma County,AZ
Calhoun County,GA
Etowah County,AL
Flathead County,MT
Callaway County,MO
Coahoma County,MS
Niobrara County,WY
Duval County,FL
Clark County,ID
Crawford County,AR
Dolores County,CO
Lake County,CA
Valdez Cordova County,AK
Camden County,GA
Fayette County,AL
Gallatin County,MT
Camden County,MO
Copiah County,MS
Park County,WY
Escambia County,FL
Clearwater County,ID
Crittenden County,AR
Douglas County,CO
Lassen County,CA
Yukon Koyukuk County,AK
Candler County,GA
Franklin County,AL
Glacier County,MT
Cape Girardeau County,MO
Covington County,MS
Platte County,WY
Flagler County,FL
Custer County,ID
Cross County,AR
Eagle County,CO
Los Angeles County,CA
Carroll County,GA
Geneva County,AL
Golden Valley County,MT
Carroll County,MO
DeSoto County,MS
Sheridan County,WY
Franklin County,FL
Elmore County,ID
Dallas County,AR
Elbert County,CO
Madera County,CA
Catoosa County,GA
Greene County,AL
Granite County,MT
Carter County,MO
Forrest County,MS
Sublette County,WY
Gadsden County,FL
Franklin County,ID
Desha County,AR
El Paso County,CO
Marin County,CA
Charlton County,GA
Hale County,AL
Hill County,MT
Cass County,MO
Franklin County,MS
Sweetwater County,WY
Gilchrist County,FL
Fremont County,ID
Drew County,AR
Fremont County,CO
Mariposa County,CA
Chatham County,GA
Henry County,AL
Jefferson County,MT
Cedar County,MO
George County,MS
Teton County,WY
Glades County,FL
Gem County,ID
Faulkner County,AR
Garfield County,CO
Mendocino County,CA
Chattahoochee County,GA
Houston County,AL
Judith Basin County,MT
Chariton County,MO
Greene County,MS
Uinta County,WY
Gulf County,FL
Gooding County,ID
Franklin County,AR
Gilpin County,CO
Merced County,CA
Chattooga County,GA
Jackson County,AL
Lake County,MT
Christian County,MO
Grenada County,MS
Washakie County,WY
Hamilton County,FL
Idaho County,ID
Fulton County,AR
Grand County,CO
Modoc County,CA
Cherokee County,GA
Jefferson County,AL
Lewis and Clark County,MT
Clark County,MO
Hancock County,MS
Weston County,WY
Hardee County,FL
Jefferson County,ID
Garland County,AR
Gunnison County,CO
Mono County,CA
Clarke County,GA
Lamar County,AL
Liberty County,MT
Clay County,MO
Harrison County,MS
Hendry County,FL
Jerome County,ID
Grant County,AR
Hinsdale County,CO
Monterey County,CA
Clay County,GA
Lauderdale County,AL
Lincoln County,MT
Clinton County,MO
Hinds County,MS
Hernando County,FL
Kootenai County,ID
Greene County,AR
Huerfano County,CO
Napa County,CA
Clayton County,GA
Lawrence County,AL
McCone County,MT
Cole County,MO
Holmes County,MS
Highlands County,FL
Latah County,ID
Hempstead County,AR
Jackson County,CO
Nevada County,CA
Clinch County,GA
Lee County,AL
Madison County,MT
Cooper County,MO
Humphreys County,MS
Hills County,FL
Lemhi County,ID
Hot Spring County,AR
Jefferson County,CO
Orange County,CA
Cobb County,GA
Limestone County,AL
Meagher County,MT
Crawford County,MO
Issaquena County,MS
Holmes County,FL
Lewis County,ID
Howard County,AR
Kit Carson County,CO
Placer County,CA
Coffee County,GA
Lowndes County,AL
Mineral County,MT
Dade County,MO
Itawamba County,MS
Indian River County,FL
Lincoln County,ID
Independence County,AR
Lake County,CO
Plumas County,CA
Colquitt County,GA
Macon County,AL
Missoula County,MT
Dallas County,MO
Jackson County,MS
Jackson County,FL
Madison County,ID
Izard County,AR
La Plata County,CO
Riverside County,CA
Columbia County,GA
Madison County,AL
Musselshell County,MT
Daviess County,MO
Jasper County,MS
Jefferson County,FL
Minidoka County,ID
Jackson County,AR
Larimer County,CO
Sacramento County,CA
Cook County,GA
Marengo County,AL
Park County,MT
DeKalb County,MO
Jefferson County,MS
Lafayette County,FL
Nez Perce County,ID
Jefferson County,AR
Las Animas County,CO
San Benito County,CA
Coweta County,GA
Marion County,AL
Petroleum County,MT
Dent County,MO
Jefferson Davis County,MS
Lake County,FL
Oneida County,ID
Johnson County,AR
Lincoln County,CO
San Bernardino County,CA
Crawford County,GA
Marshall County,AL
Phillips County,MT
Douglas County,MO
Jones County,MS
Lee County,FL
Owyhee County,ID
Lafayette County,AR
Logan County,CO
San Diego County,CA
Crisp County,GA
Mobile County,AL
Pondera County,MT
Dunklin County,MO
Kemper County,MS
Leon County,FL
Payette County,ID
Lawrence County,AR
Mesa County,CO
San Francisco County,CA
Dade County,GA
Monroe County,AL
Powder River County,MT
Franklin County,MO
Lafayette County,MS
Levy County,FL
Power County,ID
Lee County,AR
Mineral County,CO
San Joaquin County,CA
Dawson County,GA
Montgomery County,AL
Powell County,MT
Gasconade County,MO
Lamar County,MS
Liberty County,FL
Shoshone County,ID
Lincoln County,AR
Moffat County,CO
San Luis Obispo County,CA
Decatur County,GA
Morgan County,AL
Prairie County,MT
Gentry County,MO
Lauderdale County,MS
Madison County,FL
Teton County,ID
Little River County,AR
Montezuma County,CO
San Mateo County,CA
DeKalb County,GA
Perry County,AL
Ravalli County,MT
Greene County,MO
Lawrence County,MS
Manatee County,FL
Twin Falls County,ID
Logan County,AR
Montrose County,CO
Santa Barbara County,CA
Dodge County,GA
Pickens County,AL
Richland County,MT
Grundy County,MO
Leake County,MS
Marion County,FL
Valley County,ID
Lonoke County,AR
Morgan County,CO
Santa Clara County,CA
Dooly County,GA
Pike County,AL
Roosevelt County,MT
Harrison County,MO
Lee County,MS
Martin County,FL
Washington County,ID
Madison County,AR
Otero County,CO
Santa Cruz County,CA
Dougherty County,GA
Randolph County,AL
Rosebud County,MT
Henry County,MO
Leflore County,MS
Miami Dade County,FL
Marion County,AR
Ouray County,CO
Shasta County,CA
Douglas County,GA
Russell County,AL
Sanders County,MT
Hickory County,MO
Lincoln County,MS
Monroe County,FL
Miller County,AR
Park County,CO
Sierra County,CA
Early County,GA
Saint Clair County,AL
Sheridan County,MT
Holt County,MO
Lowndes County,MS
Nassau County,FL
Mississippi County,AR
Phillips County,CO
Siskiyou County,CA
Echols County,GA
Shelby County,AL
Silver Bow County,MT
Howard County,MO
Madison County,MS
Okaloosa County,FL
Monroe County,AR
Pitkin County,CO
Solano County,CA
Effingham County,GA
Sumter County,AL
Stillwater County,MT
Howell County,MO
Marion County,MS
Okeechobee County,FL
Montgomery County,AR
Prowers County,CO
Sonoma County,CA
Elbert County,GA
Talladega County,AL
Sweet Grass County,MT
Iron County,MO
Marshall County,MS
Orange County,FL
Nevada County,AR
Pueblo County,CO
Stanislaus County,CA
Emanuel County,GA
Tallapoosa County,AL
Teton County,MT
Jackson County,MO
Monroe County,MS
Osceola County,FL
Newton County,AR
Rio Blanco County,CO
Sutter County,CA
Evans County,GA
Tuscaloosa County,AL
Toole County,MT
Jasper County,MO
Montgomery County,MS
Palm Beach County,FL
Ouachita County,AR
Rio Grande County,CO
Tehama County,CA
Fannin County,GA
Walker County,AL
Treasure County,MT
Jefferson County,MO
Neshoba County,MS
Pasco County,FL
Perry County,AR
Routt County,CO
Trinity County,CA
Fayette County,GA
Washington County,AL
Valley County,MT
Johnson County,MO
Newton County,MS
Pinellas County,FL
Phillips County,AR
Saguache County,CO
Tulare County,CA
Floyd County,GA
Wilcox County,AL
Wheatland County,MT
Knox County,MO
Noxubee County,MS
Polk County,FL
Pike County,AR
San Juan County,CO
Tuolumne County,CA
Forsyth County,GA
Winston County,AL
Wibaux County,MT
Laclede County,MO
Oktibbeha County,MS
Putnam County,FL
Poinsett County,AR
San Miguel County,CO
Ventura County,CA
Franklin County,GA
Yellowstone County,MT
Lafayette County,MO
Panola County,MS
Saint Johns County,FL
Polk County,AR
Sedgwick County,CO
Yolo County,CA
Fulton County,GA
Lawrence County,MO
Pearl River County,MS
Saint Lucie County,FL
Pope County,AR
Summit County,CO
Yuba County,CA
Gilmer County,GA
Lewis County,MO
Perry County,MS
Santa Rosa County,FL
Prairie County,AR
Teller County,CO
Glascock County,GA
Lincoln County,MO
Pike County,MS
Sarasota County,FL
Pulaski County,AR
Washington County,CO
Glynn County,GA
Linn County,MO
Pontotoc County,MS
Seminole County,FL
Randolph County,AR
Weld County,CO
Gordon County,GA
Livingston County,MO
Prentiss County,MS
Sumter County,FL
Saint Francis County,AR
Yuma County,CO
Grady County,GA
McDonald County,MO
Quitman County,MS
Suwannee County,FL
Saline County,AR
Greene County,GA
Macon County,MO
Rankin County,MS
Taylor County,FL
Scott County,AR
Gwinnett County,GA
Madison County,MO
Scott County,MS
Union County,FL
Searcy County,AR
Habersham County,GA
Maries County,MO
Simpson County,MS
Volusia County,FL
Sebastian County,AR
Hall County,GA
Marion County,MO
Smith County,MS
Wakulla County,FL
Sevier County,AR
Hancock County,GA
Mercer County,MO
Stone County,MS
Walton County,FL
Sharp County,AR
Haralson County,GA
Miller County,MO
Sunflower County,MS
Washington County,FL
Stone County,AR
Harris County,GA
Mississippi County,MO
Tallahatchie County,MS
Union County,AR
Hart County,GA
Moniteau County,MO
Tate County,MS
Van Buren County,AR
Heard County,GA
Monroe County,MO
Tippah County,MS
Washington County,AR
Henry County,GA
Montgomery County,MO
Tishomingo County,MS
White County,AR
Houston County,GA
Morgan County,MO
Tunica County,MS
Woodruff County,AR
Irwin County,GA
New Madrid County,MO
Union County,MS
Yell County,AR
Jackson County,GA
Newton County,MO
Walthall County,MS
Jasper County,GA
Nodaway County,MO
Warren County,MS
Jeff Davis County,GA
Oregon County,MO
Washington County,MS
Jefferson County,GA
Osage County,MO
Wayne County,MS
Jenkins County,GA
Ozark County,MO
Webster County,MS
Johnson County,GA
Pemiscot County,MO
Wilkinson County,MS
Jones County,GA
Perry County,MO
Winston County,MS
Lamar County,GA
Pettis County,MO
Yalobusha County,MS
Lanier County,GA
Phelps County,MO
Yazoo County,MS
Laurens County,GA
Pike County,MO
Lee County,GA
Platte County,MO
Liberty County,GA
Polk County,MO
Lincoln County,GA
Pulaski County,MO
Long County,GA
Putnam County,MO
Lowndes County,GA
Ralls County,MO
Lumpkin County,GA
Randolph County,MO
McDuffie County,GA
Ray County,MO
McIntosh County,GA
Reynolds County,MO
Macon County,GA
Ripley County,MO
Madison County,GA
Saint Charles County,MO
Marion County,GA
Saint Clair County,MO
Meriwether County,GA
Saint Francois County,MO
Miller County,GA
Saline County,MO
Mitchell County,GA
Schuyler County,MO
Monroe County,GA
Scotland County,MO
Montgomery County,GA
Scott County,MO
Morgan County,GA
Shannon County,MO
Murray County,GA
Shelby County,MO
Muscogee County,GA
Stoddard County,MO
Newton County,GA
Stone County,MO
Oconee County,GA
Sullivan County,MO
Oglethorpe County,GA
Taney County,MO
Paulding County,GA
Texas County,MO
Peach County,GA
Vernon County,MO
Pickens County,GA
Warren County,MO
Pierce County,GA
Washington County,MO
Pike County,GA
Wayne County,MO
Polk County,GA
Webster County,MO
Pulaski County,GA
Worth County,MO
Putnam County,GA
Wright County,MO
Quitman County,GA
Rabun County,GA
Randolph County,GA
Richmond County,GA
Rockdale County,GA
Schley County,GA
Screven County,GA
Seminole County,GA
Spalding County,GA
Stephens County,GA
Stewart County,GA
Sumter County,GA
Talbot County,GA
Taliaferro County,GA
Tattnall County,GA
Taylor County,GA
Telfair County,GA
Terrell County,GA
Thomas County,GA
Tift County,GA
Toombs County,GA
Towns County,GA
Treutlen County,GA
Troup County,GA
Turner County,GA
Twiggs County,GA
Union County,GA
Upson County,GA
Walker County,GA
Walton County,GA
Ware County,GA
Warren County,GA
Washington County,GA
Wayne County,GA
Webster County,GA
Wheeler County,GA
White County,GA
Whitfield County,GA
Wilcox County,GA
Wilkes County,GA
Wilkinson County,GA
Worth County,GA
Adams County,WI
Barbour County,WV
Adams County,WA
Accomack County,VA
Addison County,VT
Beaver County,UT
Ashland County,WI
Berkeley County,WV
Asotin County,WA
Albemarle County,VA
Anderson County,TX
Anderson County,TN
Beadle County,SD
Abbeville County,SC
Bristol County,RI
Bennington County,VT
Box Elder County,UT
Barron County,WI
Boone County,WV
Benton County,WA
Alleghany County,VA
Andrews County,TX
Bedford County,TN
Bon Homme County,SD
Aiken County,SC
Adams County,PA
Kent County,RI
Baker County,OR
Adair County,OK
Caledonia County,VT
Cache County,UT
Bayfield County,WI
Braxton County,WV
Chelan County,WA
Adams County,OH
Adams County,ND
Alamance County,NC
Albany County,NY
Amelia County,VA
Bernalillo County,NM
Angelina County,TX
Benton County,TN
Brookings County,SD
Allendale County,SC
Allegheny County,PA
Newport County,RI
Benton County,OR
Alfalfa County,OK
Chittenden County,VT
Carbon County,UT
Brown County,WI
Brooke County,WV
Clallam County,WA
Allen County,OH
Barnes County,ND
Alexander County,NC
Allegany County,NY
Atlantic County,NJ
Belknap County,NH
Churchill County,NV
Amherst County,VA
Catron County,NM
Aransas County,TX
Bledsoe County,TN
Brown County,SD
Anderson County,SC
Armstrong County,PA
Providence County,RI
Clackamas County,OR
Atoka County,OK
Essex County,VT
Daggett County,UT
Buffalo County,WI
Cabell County,WV
Clark County,WA
Adams County,NE
Aitkin County,MN
Ashland County,OH
Alcona County,MI
Barnstable County,MA
Allegany County,MD
Benson County,ND
Alleghany County,NC
Bronx County,NY
Bergen County,NJ
Carroll County,NH
Clark County,NV
Appomattox County,VA
Chaves County,NM
Archer County,TX
Blount County,TN
Brule County,SD
Bamberg County,SC
Beaver County,PA
Washington County,RI
Clatsop County,OR
Beaver County,OK
Franklin County,VT
Davis County,UT
Burnett County,WI
Calhoun County,WV
Columbia County,WA
Antelope County,NE
Anoka County,MN
Ashtabula County,OH
Alger County,MI
Berkshire County,MA
Anne Arundel County,MD
Billings County,ND
Anson County,NC
Broome County,NY
Burlington County,NJ
Cheshire County,NH
Douglas County,NV
Arlington County,VA
Cibola County,NM
Armstrong County,TX
Bradley County,TN
Butte County,SD
Barnwell County,SC
Bedford County,PA
Columbia County,OR
Beckham County,OK
Grand Isle County,VT
Duchesne County,UT
Calumet County,WI
Clay County,WV
Cowlitz County,WA
Boone County,NE
Becker County,MN
Athens County,OH
Allegan County,MI
Bristol County,MA
Calvert County,MD
Bottineau County,ND
Ashe County,NC
Cattaraugus County,NY
Camden County,NJ
Coos County,NH
Elko County,NV
Augusta County,VA
Colfax County,NM
Atascosa County,TX
Campbell County,TN
Charles Mix County,SD
Beaufort County,SC
Berks County,PA
Coos County,OR
Blaine County,OK
Lamoille County,VT
Emery County,UT
Chippewa County,WI
Doddridge County,WV
Douglas County,WA
Box Butte County,NE
Beltrami County,MN
Auglaize County,OH
Alpena County,MI
Dukes County,MA
Caroline County,MD
Bowman County,ND
Avery County,NC
Cayuga County,NY
Cape May County,NJ
Grafton County,NH
Eureka County,NV
Bath County,VA
Curry County,NM
Austin County,TX
Cannon County,TN
Clark County,SD
Berkeley County,SC
Blair County,PA
Crook County,OR
Bryan County,OK
Orange County,VT
Garfield County,UT
Clark County,WI
Fayette County,WV
Ferry County,WA
Brown County,NE
Benton County,MN
Belmont County,OH
Antrim County,MI
Essex County,MA
Carroll County,MD
Burke County,ND
Beaufort County,NC
Chautauqua County,NY
Cumberland County,NJ
Hills County,NH
Humboldt County,NV
Bedford County,VA
De Baca County,NM
Bailey County,TX
Carroll County,TN
Clay County,SD
Bradford County,PA
Curry County,OR
Caddo County,OK
Orleans County,VT
Grand County,UT
Columbia County,WI
Gilmer County,WV
Franklin County,WA
Buffalo County,NE
Big Stone County,MN
Brown County,OH
Arenac County,MI
Franklin County,MA
Cecil County,MD
Burleigh County,ND
Bertie County,NC
Chemung County,NY
Essex County,NJ
Merrimack County,NH
Lander County,NV
Bland County,VA
Dona Ana County,NM
Bandera County,TX
Carter County,TN
Codington County,SD
Calhoun County,SC
Deschutes County,OR
Canadian County,OK
Rutland County,VT
Iron County,UT
Crawford County,WI
Grant County,WV
Garfield County,WA
Burt County,NE
Blue Earth County,MN
Butler County,OH
Baraga County,MI
Hampden County,MA
Charles County,MD
Cass County,ND
Bladen County,NC
Chenango County,NY
Gloucester County,NJ
Rockingham County,NH
Lincoln County,NV
Botetourt County,VA
Eddy County,NM
Bastrop County,TX
Cheatham County,TN
Custer County,SD
Charleston County,SC
Bucks County,PA
Douglas County,OR
Carter County,OK
Washington County,VT
Juab County,UT
Dane County,WI
Greenbrier County,WV
Grant County,WA
Butler County,NE
Brown County,MN
Carroll County,OH
Barry County,MI
Hampshire County,MA
Dorchester County,MD
Cavalier County,ND
Brunswick County,NC
Clinton County,NY
Hudson County,NJ
Strafford County,NH
Lyon County,NV
Brunswick County,VA
Grant County,NM
Baylor County,TX
Chester County,TN
Davison County,SD
Cherokee County,SC
Butler County,PA
Gilliam County,OR
Cherokee County,OK
Windham County,VT
Kane County,UT
Dodge County,WI
Hampshire County,WV
Grays Harbor County,WA
Cass County,NE
Carlton County,MN
Champaign County,OH
Bay County,MI
Middlesex County,MA
Frederick County,MD
Dickey County,ND
Buncombe County,NC
Columbia County,NY
Hunterdon County,NJ
Sullivan County,NH
Mineral County,NV
Buchanan County,VA
Guadalupe County,NM
Bee County,TX
Claiborne County,TN
Day County,SD
Chester County,SC
Cambria County,PA
Grant County,OR
Choctaw County,OK
Windsor County,VT
Millard County,UT
Door County,WI
Hancock County,WV
Island County,WA
Cedar County,NE
Carver County,MN
Clark County,OH
Benzie County,MI
Nantucket County,MA
Garrett County,MD
Divide County,ND
Burke County,NC
Cortland County,NY
Mercer County,NJ
Nye County,NV
Buckingham County,VA
Hidalgo County,NM
Bell County,TX
Clay County,TN
Deuel County,SD
Chesterfield County,SC
Cameron County,PA
Harney County,OR
Cleveland County,OK
Morgan County,UT
Douglas County,WI
Hardy County,WV
Jefferson County,WA
Chase County,NE
Cass County,MN
Clermont County,OH
Berrien County,MI
Norfolk County,MA
Harford County,MD
Dunn County,ND
Cabarrus County,NC
Delaware County,NY
Middlesex County,NJ
Pershing County,NV
Campbell County,VA
Lea County,NM
Bexar County,TX
Cocke County,TN
Douglas County,SD
Clarendon County,SC
Carbon County,PA
Hood River County,OR
Coal County,OK
Piute County,UT
Dunn County,WI
Harrison County,WV
King County,WA
Cherry County,NE
Chippewa County,MN
Clinton County,OH
Branch County,MI
Plymouth County,MA
Howard County,MD
Eddy County,ND
Caldwell County,NC
Dutchess County,NY
Monmouth County,NJ
Storey County,NV
Caroline County,VA
Lincoln County,NM
Blanco County,TX
Coffee County,TN
Edmunds County,SD
Colleton County,SC
Centre County,PA
Jackson County,OR
Comanche County,OK
Rich County,UT
Eau Claire County,WI
Jackson County,WV
Kitsap County,WA
Cheyenne County,NE
Chisago County,MN
Columbiana County,OH
Calhoun County,MI
Suffolk County,MA
Kent County,MD
Emmons County,ND
Camden County,NC
Erie County,NY
Morris County,NJ
Washoe County,NV
Carroll County,VA
Los Alamos County,NM
Bosque County,TX
Crockett County,TN
Fall River County,SD
Darlington County,SC
Chester County,PA
Jefferson County,OR
Cotton County,OK
Salt Lake County,UT
Florence County,WI
Jefferson County,WV
Kittitas County,WA
Clay County,NE
Clay County,MN
Coshocton County,OH
Cass County,MI
Worcester County,MA
Montgomery County,MD
Foster County,ND
Carteret County,NC
Essex County,NY
Ocean County,NJ
White Pine County,NV
Charlotte County,VA
Luna County,NM
Bowie County,TX
Cumberland County,TN
Grant County,SD
Dillon County,SC
Clarion County,PA
Josephine County,OR
Craig County,OK
San Juan County,UT
Fond du Lac County,WI
Kanawha County,WV
Klickitat County,WA
Colfax County,NE
Clearwater County,MN
Crawford County,OH
Charlevoix County,MI
Prince George's County,MD
Golden Valley County,ND
Caswell County,NC
Franklin County,NY
Passaic County,NJ
Chesterfield County,VA
McKinley County,NM
Brazoria County,TX
Davidson County,TN
Gregory County,SD
Dorchester County,SC
Clearfield County,PA
Klamath County,OR
Creek County,OK
Sanpete County,UT
Forest County,WI
Lewis County,WV
Lewis County,WA
Cuming County,NE
Cook County,MN
Cuyahoga County,OH
Cheboygan County,MI
Queen Anne's County,MD
Grand Forks County,ND
Catawba County,NC
Fulton County,NY
Salem County,NJ
Clarke County,VA
Mora County,NM
Brazos County,TX
Decatur County,TN
Haakon County,SD
Edgefield County,SC
Clinton County,PA
Lake County,OR
Custer County,OK
Sevier County,UT
Grant County,WI
Lincoln County,WV
Lincoln County,WA
Custer County,NE
Cottonwood County,MN
Darke County,OH
Chippewa County,MI
Saint Mary's County,MD
Grant County,ND
Chatham County,NC
Genesee County,NY
Somerset County,NJ
Craig County,VA
Otero County,NM
Brewster County,TX
DeKalb County,TN
Hamlin County,SD
Fairfield County,SC
Columbia County,PA
Lane County,OR
Delaware County,OK
Summit County,UT
Green County,WI
Logan County,WV
Mason County,WA
Dakota County,NE
Crow Wing County,MN
Defiance County,OH
Clare County,MI
Somerset County,MD
Griggs County,ND
Cherokee County,NC
Greene County,NY
Sussex County,NJ
Culpeper County,VA
Quay County,NM
Briscoe County,TX
Dickson County,TN
Hand County,SD
Florence County,SC
Crawford County,PA
Lincoln County,OR
Dewey County,OK
Tooele County,UT
Green Lake County,WI
McDowell County,WV
Okanogan County,WA
Dawes County,NE
Dakota County,MN
Delaware County,OH
Clinton County,MI
Talbot County,MD
Hettinger County,ND
Chowan County,NC
Hamilton County,NY
Union County,NJ
Cumberland County,VA
Rio Arriba County,NM
Brooks County,TX
Dyer County,TN
Harding County,SD
Georgetown County,SC
Cumberland County,PA
Linn County,OR
Ellis County,OK
Uintah County,UT
Iowa County,WI
Marion County,WV
Pacific County,WA
Dawson County,NE
Dodge County,MN
Erie County,OH
Crawford County,MI
Washington County,MD
Kidder County,ND
Clay County,NC
Herkimer County,NY
Warren County,NJ
Dickenson County,VA
Roosevelt County,NM
Brown County,TX
Fayette County,TN
Hughes County,SD
Greenville County,SC
Dauphin County,PA
Malheur County,OR
Garfield County,OK
Utah County,UT
Iron County,WI
Marshall County,WV
Pend Oreille County,WA
Deuel County,NE
Douglas County,MN
Fairfield County,OH
Delta County,MI
Wicomico County,MD
LaMoure County,ND
Cleveland County,NC
Jefferson County,NY
Dinwiddie County,VA
Sandoval County,NM
Burleson County,TX
Fentress County,TN
Hutchinson County,SD
Greenwood County,SC
Delaware County,PA
Marion County,OR
Garvin County,OK
Wasatch County,UT
Jackson County,WI
Mason County,WV
Pierce County,WA
Dixon County,NE
Faribault County,MN
Fayette County,OH
Dickinson County,MI
Worcester County,MD
Logan County,ND
Columbus County,NC
Kings County,NY
Essex County,VA
San Juan County,NM
Burnet County,TX
Franklin County,TN
Jackson County,SD
Hampton County,SC
Elk County,PA
Morrow County,OR
Grady County,OK
Washington County,UT
Jefferson County,WI
Mercer County,WV
San Juan County,WA
Dodge County,NE
Fillmore County,MN
Franklin County,OH
Eaton County,MI
McHenry County,ND
Craven County,NC
Lewis County,NY
Fairfax County,VA
San Miguel County,NM
Caldwell County,TX
Gibson County,TN
Jerauld County,SD
Horry County,SC
Erie County,PA
Multnomah County,OR
Grant County,OK
Wayne County,UT
Juneau County,WI
Mineral County,WV
Skagit County,WA
Douglas County,NE
Freeborn County,MN
Fulton County,OH
Emmet County,MI
McIntosh County,ND
Cumberland County,NC
Livingston County,NY
Fauquier County,VA
Santa Fe County,NM
Calhoun County,TX
Giles County,TN
Jones County,SD
Jasper County,SC
Fayette County,PA
Polk County,OR
Greer County,OK
Weber County,UT
Kenosha County,WI
Mingo County,WV
Skamania County,WA
Dundy County,NE
Goodhue County,MN
Gallia County,OH
Genesee County,MI
McKenzie County,ND
Currituck County,NC
Madison County,NY
Floyd County,VA
Sierra County,NM
Callahan County,TX
Grainger County,TN
Kingsbury County,SD
Kershaw County,SC
Forest County,PA
Sherman County,OR
Harper County,OK
Kewaunee County,WI
Monongalia County,WV
Snohomish County,WA
Fillmore County,NE
Grant County,MN
Geauga County,OH
Gladwin County,MI
McLean County,ND
Dare County,NC
Monroe County,NY
Fluvanna County,VA
Socorro County,NM
Cameron County,TX
Greene County,TN
Lake County,SD
Lancaster County,SC
Franklin County,PA
Tillamook County,OR
Haskell County,OK
La Crosse County,WI
Monroe County,WV
Spokane County,WA
Franklin County,NE
Hennepin County,MN
Greene County,OH
Gogebic County,MI
Mercer County,ND
Davidson County,NC
Montgomery County,NY
Frederick County,VA
Taos County,NM
Camp County,TX
Grundy County,TN
Lawrence County,SD
Laurens County,SC
Fulton County,PA
Umatilla County,OR
Hughes County,OK
Lafayette County,WI
Morgan County,WV
Stevens County,WA
Frontier County,NE
Houston County,MN
Guernsey County,OH
Grand Traverse County,MI
Morton County,ND
Davie County,NC
Nassau County,NY
Giles County,VA
Torrance County,NM
Carson County,TX
Hamblen County,TN
Lincoln County,SD
Lee County,SC
Greene County,PA
Union County,OR
Jackson County,OK
Langlade County,WI
Nicholas County,WV
Thurston County,WA
Furnas County,NE
Hubbard County,MN
Hamilton County,OH
Gratiot County,MI
Mountrail County,ND
Duplin County,NC
New York County,NY
Gloucester County,VA
Union County,NM
Cass County,TX
Hamilton County,TN
Lyman County,SD
Lexington County,SC
Huntingdon County,PA
Wallowa County,OR
Jefferson County,OK
Lincoln County,WI
Ohio County,WV
Wahkiakum County,WA
Gage County,NE
Isanti County,MN
Hancock County,OH
Hillsdale County,MI
Nelson County,ND
Durham County,NC
Niagara County,NY
Goochland County,VA
Valencia County,NM
Castro County,TX
Hancock County,TN
McCook County,SD
McCormick County,SC
Indiana County,PA
Wasco County,OR
Johnston County,OK
Manitowoc County,WI
Pendleton County,WV
Walla Walla County,WA
Garden County,NE
Itasca County,MN
Hardin County,OH
Houghton County,MI
Oliver County,ND
Edgecombe County,NC
Oneida County,NY
Grayson County,VA
Chambers County,TX
Hardeman County,TN
McPherson County,SD
Marion County,SC
Jefferson County,PA
Washington County,OR
Kay County,OK
Marathon County,WI
Pleasants County,WV
Whatcom County,WA
Gosper County,NE
Jackson County,MN
Harrison County,OH
Huron County,MI
Pembina County,ND
Forsyth County,NC
Onondaga County,NY
Greene County,VA
Cherokee County,TX
Hardin County,TN
Marshall County,SD
Marlboro County,SC
Juniata County,PA
Wheeler County,OR
Kingfisher County,OK
Marinette County,WI
Pocahontas County,WV
Whitman County,WA
Greeley County,NE
Kanabec County,MN
Henry County,OH
Ingham County,MI
Pierce County,ND
Franklin County,NC
Ontario County,NY
Greensville County,VA
Childress County,TX
Hawkins County,TN
Meade County,SD
Newberry County,SC
Lackawanna County,PA
Yamhill County,OR
Kiowa County,OK
Marquette County,WI
Preston County,WV
Yakima County,WA
Hall County,NE
Kandiyohi County,MN
Highland County,OH
Ionia County,MI
Ramsey County,ND
Gaston County,NC
Orange County,NY
Halifax County,VA
Clay County,TX
Haywood County,TN
Miner County,SD
Oconee County,SC
Lancaster County,PA
Latimer County,OK
Menominee County,WI
Putnam County,WV
Hamilton County,NE
Kittson County,MN
Hocking County,OH
Iosco County,MI
Ransom County,ND
Gates County,NC
Orleans County,NY
Hanover County,VA
Cochran County,TX
Henderson County,TN
Minnehaha County,SD
Orangeburg County,SC
Lawrence County,PA
Le Flore County,OK
Milwaukee County,WI
Raleigh County,WV
Harlan County,NE
Koochiching County,MN
Holmes County,OH
Iron County,MI
Renville County,ND
Graham County,NC
Oswego County,NY
Henrico County,VA
Coke County,TX
Henry County,TN
Moody County,SD
Pickens County,SC
Lebanon County,PA
Lincoln County,OK
Monroe County,WI
Randolph County,WV
Hayes County,NE
Lac qui Parle County,MN
Huron County,OH
Isabella County,MI
Richland County,ND
Granville County,NC
Otsego County,NY
Henry County,VA
Coleman County,TX
Hickman County,TN
Pennington County,SD
Richland County,SC
Lehigh County,PA
Logan County,OK
Oconto County,WI
Ritchie County,WV
Hitchcock County,NE
Lake County,MN
Jackson County,OH
Jackson County,MI
Rolette County,ND
Greene County,NC
Putnam County,NY
Highland County,VA
Collin County,TX
Houston County,TN
Perkins County,SD
Saluda County,SC
Luzerne County,PA
Love County,OK
Oneida County,WI
Roane County,WV
Holt County,NE
Lake of the Woods County,MN
Jefferson County,OH
Kalamazoo County,MI
Sargent County,ND
Guilford County,NC
Queens County,NY
Isle of Wight County,VA
Collingsworth County,TX
Humphreys County,TN
Potter County,SD
Spartanburg County,SC
Lycoming County,PA
McClain County,OK
Outagamie County,WI
Summers County,WV
Howard County,NE
Le Sueur County,MN
Knox County,OH
Kalkaska County,MI
Sheridan County,ND
Halifax County,NC
Rensselaer County,NY
King and Queen County,VA
Colorado County,TX
Jackson County,TN
Roberts County,SD
Sumter County,SC
McKean County,PA
McCurtain County,OK
Ozaukee County,WI
Taylor County,WV
Jefferson County,NE
Lincoln County,MN
Lake County,OH
Kent County,MI
Slope County,ND
Harnett County,NC
Richmond County,NY
King George County,VA
Comal County,TX
Jefferson County,TN
Sanborn County,SD
Union County,SC
Mercer County,PA
McIntosh County,OK
Pepin County,WI
Tucker County,WV
Johnson County,NE
Lyon County,MN
Lawrence County,OH
Keweenaw County,MI
Stark County,ND
Haywood County,NC
Rockland County,NY
King William County,VA
Comanche County,TX
Johnson County,TN
Spink County,SD
Williamsburg County,SC
Mifflin County,PA
Major County,OK
Pierce County,WI
Tyler County,WV
Kearney County,NE
McLeod County,MN
Licking County,OH
Lake County,MI
Steele County,ND
Henderson County,NC
Saint Lawrence County,NY
Lancaster County,VA
Concho County,TX
Knox County,TN
Stanley County,SD
York County,SC
Monroe County,PA
Marshall County,OK
Polk County,WI
Upshur County,WV
Keith County,NE
Mahnomen County,MN
Logan County,OH
Lapeer County,MI
Stutsman County,ND
Hertford County,NC
Saratoga County,NY
Lee County,VA
Cooke County,TX
Lake County,TN
Sully County,SD
Montgomery County,PA
Mayes County,OK
Portage County,WI
Wayne County,WV
Keya Paha County,NE
Marshall County,MN
Lorain County,OH
Leelanau County,MI
Towner County,ND
Hoke County,NC
Schenectady County,NY
Loudoun County,VA
Coryell County,TX
Lauderdale County,TN
Tripp County,SD
Montour County,PA
Murray County,OK
Price County,WI
Webster County,WV
Kimball County,NE
Martin County,MN
Lucas County,OH
Lenawee County,MI
Traill County,ND
Hyde County,NC
Schoharie County,NY
Louisa County,VA
Cottle County,TX
Lawrence County,TN
Turner County,SD
Northampton County,PA
Muskogee County,OK
Racine County,WI
Wetzel County,WV
Knox County,NE
Meeker County,MN
Madison County,OH
Livingston County,MI
Walsh County,ND
Iredell County,NC
Schuyler County,NY
Lunenburg County,VA
Crane County,TX
Lewis County,TN
Union County,SD
Northumberland County,PA
Noble County,OK
Richland County,WI
Wirt County,WV
Lancaster County,NE
Mille Lacs County,MN
Mahoning County,OH
Luce County,MI
Ward County,ND
Jackson County,NC
Seneca County,NY
Madison County,VA
Crockett County,TX
Lincoln County,TN
Walworth County,SD
Perry County,PA
Nowata County,OK
Rock County,WI
Wood County,WV
Lincoln County,NE
Morrison County,MN
Marion County,OH
Mackinac County,MI
Wells County,ND
Johnston County,NC
Steuben County,NY
Mathews County,VA
Crosby County,TX
Loudon County,TN
Yankton County,SD
Philadelphia County,PA
Okfuskee County,OK
Rusk County,WI
Wyoming County,WV
Logan County,NE
Mower County,MN
Medina County,OH
Macomb County,MI
Williams County,ND
Jones County,NC
Suffolk County,NY
Mecklenburg County,VA
Culberson County,TX
McMinn County,TN
Pike County,PA
Oklahoma County,OK
Saint Croix County,WI
Madison County,NE
Murray County,MN
Meigs County,OH
Manistee County,MI
Lee County,NC
Sullivan County,NY
Middlesex County,VA
Dallam County,TX
McNairy County,TN
Potter County,PA
Okmulgee County,OK
Sauk County,WI
Merrick County,NE
Nicollet County,MN
Mercer County,OH
Marquette County,MI
Lenoir County,NC
Tioga County,NY
Montgomery County,VA
Dallas County,TX
Macon County,TN
Schuylkill County,PA
Osage County,OK
Sawyer County,WI
Morrill County,NE
Nobles County,MN
Miami County,OH
Mason County,MI
Lincoln County,NC
Tompkins County,NY
Nelson County,VA
Dawson County,TX
Madison County,TN
Snyder County,PA
Ottawa County,OK
Shawano County,WI
Nance County,NE
Norman County,MN
Monroe County,OH
Mecosta County,MI
McDowell County,NC
Ulster County,NY
New Kent County,VA
Deaf Smith County,TX
Marion County,TN
Somerset County,PA
Pawnee County,OK
Sheboygan County,WI
Nemaha County,NE
Olmsted County,MN
Montgomery County,OH
Menominee County,MI
Macon County,NC
Warren County,NY
Northampton County,VA
Delta County,TX
Marshall County,TN
Sullivan County,PA
Payne County,OK
Taylor County,WI
Otoe County,NE
Otter Tail County,MN
Morgan County,OH
Midland County,MI
Madison County,NC
Washington County,NY
Northumberland County,VA
Denton County,TX
Maury County,TN
Susquehanna County,PA
Pittsburg County,OK
Trempealeau County,WI
Pawnee County,NE
Pennington County,MN
Morrow County,OH
Missaukee County,MI
Martin County,NC
Wayne County,NY
Nottoway County,VA
DeWitt County,TX
Meigs County,TN
Tioga County,PA
Pontotoc County,OK
Vernon County,WI
Perkins County,NE
Pine County,MN
Muskingum County,OH
Monroe County,MI
Mecklenburg County,NC
Westchester County,NY
Orange County,VA
Dickens County,TX
Monroe County,TN
Union County,PA
Pottawatomie County,OK
Vilas County,WI
Phelps County,NE
Pipestone County,MN
Noble County,OH
Montcalm County,MI
Mitchell County,NC
Wyoming County,NY
Page County,VA
Dimmit County,TX
Montgomery County,TN
Venango County,PA
Pushmataha County,OK
Walworth County,WI
Pierce County,NE
Polk County,MN
Ottawa County,OH
Montmorency County,MI
Montgomery County,NC
Yates County,NY
Patrick County,VA
Donley County,TX
Moore County,TN
Warren County,PA
Roger Mills County,OK
Washburn County,WI
Platte County,NE
Pope County,MN
Paulding County,OH
Muskegon County,MI
Moore County,NC
Pittsylvania County,VA
Duval County,TX
Morgan County,TN
Washington County,PA
Rogers County,OK
Washington County,WI
Polk County,NE
Ramsey County,MN
Perry County,OH
Newaygo County,MI
Nash County,NC
Powhatan County,VA
Eastland County,TX
Obion County,TN
Wayne County,PA
Seminole County,OK
Waukesha County,WI
Red Willow County,NE
Red Lake County,MN
Pickaway County,OH
Oakland County,MI
New Hanover County,NC
Prince Edward County,VA
Ector County,TX
Overton County,TN
Westmoreland County,PA
Sequoyah County,OK
Waupaca County,WI
Richardson County,NE
Redwood County,MN
Pike County,OH
Oceana County,MI
Northampton County,NC
Prince George County,VA
Edwards County,TX
Perry County,TN
Wyoming County,PA
Stephens County,OK
Waushara County,WI
Rock County,NE
Renville County,MN
Portage County,OH
Ogemaw County,MI
Onslow County,NC
Prince William County,VA
Ellis County,TX
Pickett County,TN
York County,PA
Texas County,OK
Winnebago County,WI
Saline County,NE
Rice County,MN
Preble County,OH
Ontonagon County,MI
Orange County,NC
Pulaski County,VA
El Paso County,TX
Polk County,TN
Tillman County,OK
Wood County,WI
Sarpy County,NE
Rock County,MN
Putnam County,OH
Osceola County,MI
Pamlico County,NC
Rappahannock County,VA
Erath County,TX
Putnam County,TN
Tulsa County,OK
Saunders County,NE
Roseau County,MN
Richland County,OH
Oscoda County,MI
Pasquotank County,NC
Rockbridge County,VA
Falls County,TX
Rhea County,TN
Wagoner County,OK
Scotts Bluff County,NE
Saint Louis County,MN
Ross County,OH
Otsego County,MI
Pender County,NC
Rockingham County,VA
Fannin County,TX
Roane County,TN
Washington County,OK
Seward County,NE
Scott County,MN
Sandusky County,OH
Ottawa County,MI
Perquimans County,NC
Russell County,VA
Fayette County,TX
Robertson County,TN
Washita County,OK
Sheridan County,NE
Sherburne County,MN
Scioto County,OH
Presque Isle County,MI
Person County,NC
Scott County,VA
Fisher County,TX
Rutherford County,TN
Woods County,OK
Sherman County,NE
Sibley County,MN
Seneca County,OH
Roscommon County,MI
Pitt County,NC
Shenandoah County,VA
Floyd County,TX
Scott County,TN
Woodward County,OK
Sioux County,NE
Stearns County,MN
Shelby County,OH
Saginaw County,MI
Polk County,NC
Smyth County,VA
Fort Bend County,TX
Sequatchie County,TN
Stanton County,NE
Steele County,MN
Stark County,OH
Saint Clair County,MI
Randolph County,NC
Southampton County,VA
Franklin County,TX
Sevier County,TN
Thomas County,NE
Stevens County,MN
Summit County,OH
Saint Joseph County,MI
Richmond County,NC
Spotsylvania County,VA
Freestone County,TX
Shelby County,TN
Thurston County,NE
Swift County,MN
Trumbull County,OH
Sanilac County,MI
Robeson County,NC
Stafford County,VA
Frio County,TX
Smith County,TN
Valley County,NE
Todd County,MN
Tuscarawas County,OH
Schoolcraft County,MI
Rockingham County,NC
Surry County,VA
Gaines County,TX
Stewart County,TN
Washington County,NE
Traverse County,MN
Union County,OH
Shiawassee County,MI
Rowan County,NC
Sussex County,VA
Galveston County,TX
Sullivan County,TN
Wayne County,NE
Wabasha County,MN
Van Wert County,OH
Tuscola County,MI
Rutherford County,NC
Tazewell County,VA
Garza County,TX
Sumner County,TN
Webster County,NE
Wadena County,MN
Vinton County,OH
Van Buren County,MI
Sampson County,NC
Warren County,VA
Gillespie County,TX
Tipton County,TN
York County,NE
Waseca County,MN
Warren County,OH
Washtenaw County,MI
Scotland County,NC
Washington County,VA
Glasscock County,TX
Trousdale County,TN
Washington County,MN
Washington County,OH
Wayne County,MI
Stanly County,NC
Westmoreland County,VA
Goliad County,TX
Unicoi County,TN
Watonwan County,MN
Wayne County,OH
Wexford County,MI
Stokes County,NC
Wise County,VA
Gonzales County,TX
Union County,TN
Wilkin County,MN
Williams County,OH
Surry County,NC
Wythe County,VA
Gray County,TX
Van Buren County,TN
Winona County,MN
Wood County,OH
Swain County,NC
York County,VA
Grayson County,TX
Warren County,TN
Wright County,MN
Wyandot County,OH
Transylvania County,NC
Alexandria County,VA
Gregg County,TX
Washington County,TN
Yellow Medicine County,MN
Tyrrell County,NC
Bristol County,VA
Grimes County,TX
Wayne County,TN
Union County,NC
Charlottesville County,VA
Guadalupe County,TX
Weakley County,TN
Vance County,NC
Chesapeake County,VA
Hale County,TX
White County,TN
Wake County,NC
Danville County,VA
Hall County,TX
Williamson County,TN
Warren County,NC
Falls Church County,VA
Hamilton County,TX
Wilson County,TN
Washington County,NC
Fredericksburg County,VA
Hansford County,TX
Watauga County,NC
Hampton County,VA
Hardin County,TX
Wayne County,NC
Harrisonburg County,VA
Harris County,TX
Wilkes County,NC
Lynchburg County,VA
Harrison County,TX
Wilson County,NC
Manassas County,VA
Hartley County,TX
Yadkin County,NC
Martinsville County,VA
Haskell County,TX
Yancey County,NC
Newport News County,VA
Hays County,TX
Norfolk County,VA
Hemphill County,TX
Petersburg County,VA
Henderson County,TX
Poquoson County,VA
Hidalgo County,TX
Portsmouth County,VA
Hill County,TX
Radford County,VA
Hockley County,TX
Salem County,VA
Hood County,TX
Staunton County,VA
Hopkins County,TX
Suffolk County,VA
Houston County,TX
Virginia Beach County,VA
Howard County,TX
Williamsburg County,VA
Hudspeth County,TX
Hunt County,TX
Hutchinson County,TX
Irion County,TX
Jack County,TX
Jackson County,TX
Jasper County,TX
Jeff Davis County,TX
Jefferson County,TX
Jim Hogg County,TX
Jim Wells County,TX
Johnson County,TX
Jones County,TX
Karnes County,TX
Kaufman County,TX
Kendall County,TX
Kent County,TX
Kerr County,TX
Kimble County,TX
Kinney County,TX
Kleberg County,TX
Knox County,TX
Lamar County,TX
Lamb County,TX
Lampasas County,TX
La Salle County,TX
Lavaca County,TX
Lee County,TX
Leon County,TX
Liberty County,TX
Limestone County,TX
Lipscomb County,TX
Live Oak County,TX
Llano County,TX
Lubbock County,TX
Lynn County,TX
McCulloch County,TX
McLennan County,TX
McMullen County,TX
Madison County,TX
Marion County,TX
Martin County,TX
Mason County,TX
Matagorda County,TX
Maverick County,TX
Medina County,TX
Menard County,TX
Midland County,TX
Milam County,TX
Mills County,TX
Mitchell County,TX
Montague County,TX
Montgomery County,TX
Moore County,TX
Morris County,TX
Nacogdoches County,TX
Navarro County,TX
Newton County,TX
Nolan County,TX
Nueces County,TX
Ochiltree County,TX
Oldham County,TX
Orange County,TX
Palo Pinto County,TX
Panola County,TX
Parker County,TX
Parmer County,TX
Pecos County,TX
Polk County,TX
Potter County,TX
Presidio County,TX
Rains County,TX
Randall County,TX
Reagan County,TX
Real County,TX
Red River County,TX
Reeves County,TX
Refugio County,TX
Roberts County,TX
Robertson County,TX
Rockwall County,TX
Runnels County,TX
Rusk County,TX
Sabine County,TX
San Augustine County,TX
San Jacinto County,TX
San Patricio County,TX
San Saba County,TX
Schleicher County,TX
Scurry County,TX
Shackelford County,TX
Shelby County,TX
Sherman County,TX
Smith County,TX
Somervell County,TX
Starr County,TX
Stephens County,TX
Sterling County,TX
Sutton County,TX
Swisher County,TX
Tarrant County,TX
Taylor County,TX
Terrell County,TX
Terry County,TX
Throckmorton County,TX
Titus County,TX
Tom Green County,TX
Travis County,TX
Trinity County,TX
Tyler County,TX
Upshur County,TX
Upton County,TX
Uvalde County,TX
Val Verde County,TX
Van Zandt County,TX
Victoria County,TX
Walker County,TX
Waller County,TX
Ward County,TX
Washington County,TX
Webb County,TX
Wharton County,TX
Wheeler County,TX
Wichita County,TX
Wilbarger County,TX
Willacy County,TX
Williamson County,TX
Wilson County,TX
Winkler County,TX
Wise County,TX
Wood County,TX
Yoakum County,TX
Young County,TX
Zapata County,TX
Zavala County,TX
Androscoggin County,ME
Acadia County,LA
Adair County,KY
Allen County,KS
Aroostook County,ME
Allen County,LA
Allen County,KY
Adair County,IA
Anderson County,KS
Adams County,IN
Adams County,IL
Cumberland County,ME
Ascension County,LA
Anderson County,KY
Adams County,IA
Atchison County,KS
Allen County,IN
Alexander County,IL
Franklin County,ME
Assumption County,LA
Ballard County,KY
Allamakee County,IA
Barber County,KS
Bartholomew County,IN
Bond County,IL
Hancock County,ME
Avoyelles County,LA
Barren County,KY
Appanoose County,IA
Barton County,KS
Benton County,IN
Boone County,IL
Kennebec County,ME
Beauregard County,LA
Bath County,KY
Audubon County,IA
Bourbon County,KS
Blackford County,IN
Brown County,IL
Knox County,ME
Bienville County,LA
Bell County,KY
Benton County,IA
Brown County,KS
Boone County,IN
Bureau County,IL
Lincoln County,ME
Bossier County,LA
Boone County,KY
Black Hawk County,IA
Butler County,KS
Brown County,IN
Calhoun County,IL
Oxford County,ME
Caddo County,LA
Bourbon County,KY
Boone County,IA
Chase County,KS
Carroll County,IN
Carroll County,IL
Penobscot County,ME
Calcasieu County,LA
Boyd County,KY
Bremer County,IA
Chautauqua County,KS
Cass County,IN
Cass County,IL
Piscataquis County,ME
Caldwell County,LA
Boyle County,KY
Buchanan County,IA
Cherokee County,KS
Clark County,IN
Champaign County,IL
Sagadahoc County,ME
Cameron County,LA
Bracken County,KY
Buena Vista County,IA
Cheyenne County,KS
Clay County,IN
Christian County,IL
Somerset County,ME
Catahoula County,LA
Breathitt County,KY
Butler County,IA
Clark County,KS
Clinton County,IN
Clark County,IL
Waldo County,ME
Claiborne County,LA
Breckinridge County,KY
Calhoun County,IA
Clay County,KS
Crawford County,IN
Clay County,IL
Washington County,ME
Concordia County,LA
Bullitt County,KY
Carroll County,IA
Cloud County,KS
Daviess County,IN
Clinton County,IL
York County,ME
De Soto County,LA
Butler County,KY
Cass County,IA
Coffey County,KS
Dearborn County,IN
Coles County,IL
East Baton Rouge County,LA
Caldwell County,KY
Cedar County,IA
Comanche County,KS
Decatur County,IN
Cook County,IL
East Carroll County,LA
Calloway County,KY
Cerro Gordo County,IA
Cowley County,KS
DeKalb County,IN
Crawford County,IL
East Feliciana County,LA
Campbell County,KY
Cherokee County,IA
Crawford County,KS
Delaware County,IN
Cumberland County,IL
Evangeline County,LA
Carlisle County,KY
Chickasaw County,IA
Decatur County,KS
Dubois County,IN
DeKalb County,IL
Franklin County,LA
Carroll County,KY
Clarke County,IA
Dickinson County,KS
Elkhart County,IN
De Witt County,IL
Grant County,LA
Carter County,KY
Clay County,IA
Doniphan County,KS
Fayette County,IN
Douglas County,IL
Iberia County,LA
Casey County,KY
Clayton County,IA
Douglas County,KS
Floyd County,IN
DuPage County,IL
Iberville County,LA
Christian County,KY
Clinton County,IA
Edwards County,KS
Fountain County,IN
Edgar County,IL
Jackson County,LA
Clark County,KY
Crawford County,IA
Elk County,KS
Franklin County,IN
Edwards County,IL
Jefferson County,LA
Clay County,KY
Dallas County,IA
Ellis County,KS
Fulton County,IN
Effingham County,IL
Jefferson Davis County,LA
Clinton County,KY
Davis County,IA
Ellsworth County,KS
Gibson County,IN
Fayette County,IL
Lafayette County,LA
Crittenden County,KY
Decatur County,IA
Finney County,KS
Grant County,IN
Ford County,IL
Lafourche County,LA
Cumberland County,KY
Delaware County,IA
Ford County,KS
Greene County,IN
Franklin County,IL
La Salle County,LA
Daviess County,KY
Des Moines County,IA
Franklin County,KS
Hamilton County,IN
Fulton County,IL
Lincoln County,LA
Edmonson County,KY
Dickinson County,IA
Geary County,KS
Hancock County,IN
Gallatin County,IL
Livingston County,LA
Elliott County,KY
Dubuque County,IA
Gove County,KS
Harrison County,IN
Greene County,IL
Madison County,LA
Estill County,KY
Emmet County,IA
Graham County,KS
Hendricks County,IN
Grundy County,IL
Morehouse County,LA
Fayette County,KY
Fayette County,IA
Grant County,KS
Henry County,IN
Hamilton County,IL
Natchitoches County,LA
Fleming County,KY
Floyd County,IA
Gray County,KS
Howard County,IN
Hancock County,IL
Orleans County,LA
Floyd County,KY
Franklin County,IA
Greenwood County,KS
Huntington County,IN
Hardin County,IL
Ouachita County,LA
Franklin County,KY
Fremont County,IA
Hamilton County,KS
Jackson County,IN
Henderson County,IL
Plaquemines County,LA
Fulton County,KY
Greene County,IA
Harper County,KS
Jasper County,IN
Henry County,IL
Pointe Coupee County,LA
Gallatin County,KY
Grundy County,IA
Harvey County,KS
Jay County,IN
Iroquois County,IL
Rapides County,LA
Garrard County,KY
Guthrie County,IA
Haskell County,KS
Jefferson County,IN
Jackson County,IL
Red River County,LA
Grant County,KY
Hamilton County,IA
Hodgeman County,KS
Jennings County,IN
Jasper County,IL
Richland County,LA
Graves County,KY
Hancock County,IA
Jackson County,KS
Johnson County,IN
Jefferson County,IL
Sabine County,LA
Grayson County,KY
Hardin County,IA
Jefferson County,KS
Knox County,IN
Jersey County,IL
Saint Bernard County,LA
Green County,KY
Harrison County,IA
Jewell County,KS
Kosciusko County,IN
Jo Daviess County,IL
Saint Charles County,LA
Greenup County,KY
Henry County,IA
Johnson County,KS
LaGrange County,IN
Johnson County,IL
Hancock County,KY
Howard County,IA
Kearny County,KS
Lake County,IN
Kane County,IL
Saint James County,LA
Hardin County,KY
Humboldt County,IA
Kingman County,KS
LaPorte County,IN
Kankakee County,IL
Saint John the Baptist County,LA
Harlan County,KY
Ida County,IA
Kiowa County,KS
Lawrence County,IN
Kendall County,IL
Saint Landry County,LA
Harrison County,KY
Iowa County,IA
Labette County,KS
Madison County,IN
Knox County,IL
Saint Martin County,LA
Hart County,KY
Jackson County,IA
Lane County,KS
Marion County,IN
Lake County,IL
Saint Mary County,LA
Henderson County,KY
Jasper County,IA
Leavenworth County,KS
Marshall County,IN
La Salle County,IL
Saint Tammany County,LA
Henry County,KY
Jefferson County,IA
Lincoln County,KS
Martin County,IN
Lawrence County,IL
Tangipahoa County,LA
Hickman County,KY
Johnson County,IA
Linn County,KS
Miami County,IN
Lee County,IL
Tensas County,LA
Hopkins County,KY
Jones County,IA
Logan County,KS
Monroe County,IN
Livingston County,IL
Terrebonne County,LA
Jackson County,KY
Keokuk County,IA
Lyon County,KS
Montgomery County,IN
Logan County,IL
Union County,LA
Jefferson County,KY
Kossuth County,IA
McPherson County,KS
Morgan County,IN
McDonough County,IL
Vermilion County,LA
Jessamine County,KY
Lee County,IA
Marion County,KS
Newton County,IN
McHenry County,IL
Vernon County,LA
Johnson County,KY
Linn County,IA
Marshall County,KS
Noble County,IN
McLean County,IL
Washington County,LA
Kenton County,KY
Louisa County,IA
Meade County,KS
Ohio County,IN
Macon County,IL
Webster County,LA
Knott County,KY
Lucas County,IA
Miami County,KS
Orange County,IN
Macoupin County,IL
West Baton Rouge County,LA
Knox County,KY
Lyon County,IA
Mitchell County,KS
Owen County,IN
Madison County,IL
West Carroll County,LA
Larue County,KY
Madison County,IA
Montgomery County,KS
Parke County,IN
Marion County,IL
West Feliciana County,LA
Laurel County,KY
Mahaska County,IA
Morris County,KS
Perry County,IN
Marshall County,IL
Winn County,LA
Lawrence County,KY
Marion County,IA
Morton County,KS
Pike County,IN
Mason County,IL
Lee County,KY
Marshall County,IA
Nemaha County,KS
Porter County,IN
Massac County,IL
Leslie County,KY
Mills County,IA
Neosho County,KS
Posey County,IN
Menard County,IL
Letcher County,KY
Mitchell County,IA
Ness County,KS
Pulaski County,IN
Mercer County,IL
Lewis County,KY
Monona County,IA
Norton County,KS
Putnam County,IN
Monroe County,IL
Lincoln County,KY
Monroe County,IA
Osage County,KS
Randolph County,IN
Montgomery County,IL
Livingston County,KY
Montgomery County,IA
Osborne County,KS
Ripley County,IN
Morgan County,IL
Logan County,KY
Muscatine County,IA
Ottawa County,KS
Rush County,IN
Moultrie County,IL
Lyon County,KY
O'Brien County,IA
Pawnee County,KS
Saint Joseph County,IN
Ogle County,IL
McCracken County,KY
Osceola County,IA
Phillips County,KS
Scott County,IN
Peoria County,IL
McCreary County,KY
Page County,IA
Pottawatomie County,KS
Shelby County,IN
Perry County,IL
McLean County,KY
Palo Alto County,IA
Pratt County,KS
Spencer County,IN
Piatt County,IL
Madison County,KY
Plymouth County,IA
Rawlins County,KS
Starke County,IN
Pike County,IL
Magoffin County,KY
Pocahontas County,IA
Reno County,KS
Steuben County,IN
Pope County,IL
Marion County,KY
Polk County,IA
Republic County,KS
Sullivan County,IN
Pulaski County,IL
Marshall County,KY
Pottawattamie County,IA
Rice County,KS
Switzerland County,IN
Putnam County,IL
Martin County,KY
Poweshiek County,IA
Riley County,KS
Tippecanoe County,IN
Randolph County,IL
Mason County,KY
Ringgold County,IA
Rooks County,KS
Tipton County,IN
Richland County,IL
Meade County,KY
Sac County,IA
Rush County,KS
Union County,IN
Rock Island County,IL
Menifee County,KY
Scott County,IA
Russell County,KS
Vanderburgh County,IN
Saint Clair County,IL
Mercer County,KY
Shelby County,IA
Saline County,KS
Vermillion County,IN
Saline County,IL
Metcalfe County,KY
Sioux County,IA
Sedgwick County,KS
Vigo County,IN
Sangamon County,IL
Monroe County,KY
Story County,IA
Seward County,KS
Wabash County,IN
Schuyler County,IL
Montgomery County,KY
Tama County,IA
Shawnee County,KS
Warren County,IN
Scott County,IL
Morgan County,KY
Taylor County,IA
Sheridan County,KS
Warrick County,IN
Shelby County,IL
Muhlenberg County,KY
Union County,IA
Sherman County,KS
Washington County,IN
Stark County,IL
Nelson County,KY
Van Buren County,IA
Smith County,KS
Wayne County,IN
Stephenson County,IL
Nicholas County,KY
Wapello County,IA
Stafford County,KS
Wells County,IN
Tazewell County,IL
Ohio County,KY
Warren County,IA
Stanton County,KS
White County,IN
Union County,IL
Oldham County,KY
Washington County,IA
Stevens County,KS
Whitley County,IN
Vermilion County,IL
Owen County,KY
Wayne County,IA
Sumner County,KS
Wabash County,IL
Owsley County,KY
Webster County,IA
Thomas County,KS
Warren County,IL
Pendleton County,KY
Winnebago County,IA
Trego County,KS
Washington County,IL
Perry County,KY
Winneshiek County,IA
Wabaunsee County,KS
Wayne County,IL
Pike County,KY
Woodbury County,IA
Wallace County,KS
White County,IL
Powell County,KY
Worth County,IA
Washington County,KS
Whiteside County,IL
Pulaski County,KY
Wright County,IA
Wilson County,KS
Will County,IL
Robertson County,KY
Woodson County,KS
Williamson County,IL
Rockcastle County,KY
Wyandotte County,KS
Winnebago County,IL
Rowan County,KY
Woodford County,IL
Russell County,KY
Scott County,KY
Shelby County,KY
Simpson County,KY
Spencer County,KY
Taylor County,KY
Todd County,KY
Trigg County,KY
Trimble County,KY
Union County,KY
Warren County,KY
Washington County,KY
Wayne County,KY
Webster County,KY
Whitley County,KY
Wolfe County,KY
Woodford County,KY
